"","voted2004","voted2008","Kerryvoter","Obamavoter","white","black","pres.approval","partyid","economy"
"1",1,1,0,0,0,0,1,0,0
"2",1,0,0,0,1,0,1,1,-0.5
"3",1,1,0,0,1,0,-0.5,-1,-1
"4",0,0,0,0,1,0,-1,0,-0.5
"5",1,1,0,0,1,0,0.5,-1,-1
"6",1,0,0,0,1,0,0.5,-1,0
"7",1,1,0,0,1,0,0.5,0,-1
"8",1,1,0,0,1,0,-0.5,0,-0.5
"9",1,1,0,0,1,0,1,-1,-0.5
"10",1,1,1,1,0,1,-1,1,-1
"11",1,1,0,0,1,0,-1,0,0
"12",1,1,0,0,1,0,-0.5,-1,-1
"13",1,1,0,0,1,0,-1,-1,-1
"14",1,1,0,0,1,0,1,-1,-0.5
"15",1,1,0,0,1,0,0.5,0,-1
"16",1,1,0,0,1,0,-0.5,0,-1
"17",0,0,0,0,0,1,-0.5,1,-1
"18",0,0,0,0,1,0,-1,0,-1
"19",1,1,1,0,1,0,-0.5,1,-1
"20",1,1,0,0,1,0,0.5,-1,0
"21",1,1,0,1,1,0,-1,0,-1
"22",1,0,0,0,1,0,-1,0,0
"23",0,1,0,1,0,0,-1,1,-1
"24",0,1,0,1,1,0,-0.5,1,-1
"25",0,1,0,1,1,0,-1,1,-1
"26",1,0,1,0,1,0,-0.5,1,-1
"27",0,0,0,0,1,0,-1,0,-1
"28",0,1,0,0,1,0,0.5,1,-0.5
"29",0,0,0,0,1,0,-1,1,-1
"30",1,1,1,1,0,0,-0.5,0,-1
"31",1,1,0,0,1,0,-1,-1,-1
"32",1,1,0,0,1,0,-0.5,-1,-0.5
"33",1,1,0,0,1,0,0.5,-1,-1
"34",1,1,1,1,1,0,-1,0,-1
"35",0,1,0,1,1,0,-0.5,0,-0.5
"36",0,0,0,0,0,0,0.5,0,0
"37",0,1,0,1,0,0,-1,0,-1
"38",1,1,1,1,1,0,-1,1,0
"39",1,1,1,1,1,0,-1,1,-0.5
"40",1,1,1,1,1,0,-1,1,-1
"41",1,1,1,1,0,1,-1,1,-1
"42",0,0,0,0,0,0,1,0,0
"43",1,1,1,0,1,0,-0.5,1,-0.5
"44",1,1,1,1,1,0,-1,0,-1
"45",1,0,0,0,0,0,1,-1,-0.5
"46",0,0,0,0,1,0,-1,0,-0.5
"47",1,1,1,1,1,0,-1,1,-1
"48",1,1,1,1,1,0,-1,0,-1
"49",1,1,0,0,1,0,0.5,-1,-0.5
"50",0,0,0,0,1,0,-1,1,0
"51",1,1,1,1,1,0,-1,1,-0.5
"52",1,1,1,1,0,0,-1,0,-1
"53",1,0,0,0,1,0,0.5,-1,-0.5
"54",1,1,1,1,1,0,-1,0,-0.5
"55",1,1,1,1,1,0,-1,-1,-1
"56",1,1,0,0,1,0,0.5,-1,-1
"57",0,0,0,0,1,0,-0.5,0,-0.5
"58",0,0,0,0,1,0,0.5,0,-0.5
"59",0,1,0,1,1,0,-1,0,-1
"60",1,1,0,0,1,0,0.5,0,0
"61",1,1,1,1,1,0,-1,0,-1
"62",1,1,0,0,1,0,0.5,0,-1
"63",0,0,0,0,0,0,-1,-1,-1
"64",0,1,0,1,1,0,-1,0,-1
"65",1,1,1,1,1,0,-1,1,-1
"66",1,1,1,1,1,0,-1,1,-1
"67",1,1,0,0,1,0,0,-1,-0.5
"68",1,1,1,1,1,0,-1,1,-1
"69",1,1,1,1,1,0,-1,1,-1
"70",0,0,0,0,1,0,-1,1,-1
"71",1,1,1,1,1,0,-1,0,-1
"72",1,0,1,0,0,0,-1,0,-1
"73",0,1,0,1,0,1,-1,1,-1
"74",0,0,0,0,0,1,-1,1,-1
"75",1,1,1,1,0,1,-1,0,-1
"76",1,1,1,1,1,0,-1,1,-1
"77",1,1,1,1,1,0,-1,1,-1
"78",0,1,0,1,1,0,0.5,0,-1
"79",1,1,1,1,0,0,-1,1,-1
"80",1,1,1,1,0,1,-0.5,1,-1
"81",1,1,1,0,1,0,-1,1,-1
"82",0,0,0,0,1,0,0.5,0,-0.5
"83",1,1,1,1,0,1,-1,1,-0.5
"84",0,0,0,0,0,0,-1,1,-1
"85",1,1,0,0,1,0,0.5,-1,-1
"86",0,0,0,0,1,0,1,0,-1
"87",1,1,0,0,1,0,-0.5,1,-1
"88",1,1,1,0,1,0,-1,-1,-1
"89",1,1,0,1,1,0,-1,1,0
"90",0,0,0,0,1,0,-1,0,-1
"91",1,0,0,0,1,0,0.5,1,-1
"92",0,1,0,1,0,1,-1,1,-1
"93",1,1,0,0,1,0,0.5,-1,-1
"94",0,0,0,0,1,0,-1,0,-0.5
"95",0,1,0,1,1,0,-1,1,-1
"96",0,0,0,0,1,0,-0.5,0,-1
"97",1,0,1,0,1,0,-1,0,-1
"98",0,1,0,1,1,0,-1,1,-1
"99",1,1,0,0,0,0,1,-1,-1
"100",0,0,0,0,0,1,-0.5,0,-1
"101",1,1,1,1,1,0,-0.5,0,0
"104",1,1,1,1,0,0,-0.5,1,-0.5
"105",0,0,0,0,0,1,-1,-1,-1
"106",1,1,1,1,1,0,-1,1,-1
"107",1,1,1,1,0,0,-1,0,-1
"108",1,1,1,1,0,0,-1,1,-1
"109",0,1,0,1,0,0,-1,0,-1
"110",1,1,1,0,1,0,-1,1,-1
"111",0,1,0,1,0,0,-0.5,1,-1
"112",0,0,0,0,0,0,-0.5,1,-0.5
"113",0,0,0,0,0,0,-1,0,0
"114",0,1,0,1,0,0,0.5,1,-1
"115",0,1,0,1,0,0,-1,0,-1
"116",1,1,1,1,1,0,-1,1,-1
"117",0,1,0,1,0,0,-1,1,-1
"118",1,1,1,1,0,1,-1,1,-1
"119",1,1,1,1,0,0,0.5,0,0
"120",1,0,0,0,0,0,-1,1,-1
"121",1,1,1,1,0,1,-1,1,-0.5
"122",1,1,0,0,0,0,-0.5,0,-0.5
"123",0,1,0,1,0,0,-0.5,0,-0.5
"124",0,1,0,1,1,0,-1,1,0
"125",0,0,0,0,1,0,-0.5,-1,-1
"126",1,1,1,1,1,0,-1,0,0
"127",1,1,1,1,1,0,-1,1,-1
"128",0,0,0,0,1,0,-0.5,0,-1
"129",1,1,0,0,1,0,0.5,-1,0
"130",0,0,0,0,1,0,-1,0,-1
"131",1,1,1,1,1,0,-1,0,-0.5
"132",1,1,1,1,1,0,-1,1,-1
"133",1,1,0,0,1,0,-0.5,0,-1
"134",0,1,0,1,1,0,-1,-1,-1
"135",0,1,0,1,1,0,0.5,1,-1
"136",1,0,1,0,0,0,-1,0,-1
"137",1,1,0,0,1,0,1,-1,1
"138",1,1,1,1,0,0,-1,1,-1
"139",1,1,0,0,1,0,-0.5,-1,-1
"140",0,0,0,0,1,0,-1,0,-1
"141",1,1,0,0,1,0,1,-1,0
"142",1,0,1,0,1,0,-1,1,-1
"143",0,0,0,0,1,0,-0.5,1,-1
"144",1,1,0,0,1,0,-1,0,-1
"145",1,1,0,0,1,0,-0.5,-1,-0.5
"146",1,1,1,1,1,0,-1,1,-1
"147",1,1,0,0,1,0,1,0,-1
"148",0,0,0,0,1,0,-1,0,-1
"149",0,0,0,0,1,0,-1,0,-1
"150",1,1,1,1,1,0,-1,1,-1
"151",1,1,1,1,1,0,-1,1,-1
"152",1,1,0,0,1,0,0.5,-1,-1
"153",1,1,0,0,1,0,1,-1,-0.5
"154",1,0,0,0,1,0,-1,0,-1
"155",0,0,0,0,1,0,-0.5,0,-1
"156",1,1,1,1,1,0,-1,1,-1
"157",1,1,0,1,1,0,-1,0,-1
"158",1,1,1,1,1,0,-1,1,-1
"159",0,0,0,0,1,0,1,1,-1
"160",1,1,0,1,1,0,-0.5,0,-1
"161",0,0,0,0,1,0,0,0,0.5
"162",1,1,0,1,0,0,-1,-1,-1
"163",0,0,0,0,0,1,-1,0,-1
"164",1,1,1,1,1,0,-0.5,1,-0.5
"165",1,1,0,0,0,0,-0.5,-1,-1
"166",1,1,0,1,1,0,0.5,0,-1
"167",0,0,0,0,1,0,-0.5,1,-1
"168",1,1,0,1,0,0,-0.5,1,-1
"169",0,0,0,0,0,0,0.5,0,-1
"170",0,1,0,1,0,0,-1,-1,-1
"171",0,0,0,0,0,0,-0.5,1,-0.5
"172",1,1,1,1,0,0,0.5,1,-1
"173",1,1,0,1,0,0,-1,1,-1
"174",1,1,0,0,1,0,0.5,-1,-0.5
"175",0,1,0,1,0,0,-1,1,-1
"176",1,1,1,1,1,0,-1,1,-1
"177",1,1,1,1,1,0,-1,1,-1
"178",1,1,1,1,1,0,-1,1,-1
"179",1,1,1,0,1,0,-1,0,-1
"180",1,1,0,0,1,0,0.5,-1,-1
"181",1,1,1,1,1,0,-1,1,-1
"182",1,1,0,0,1,0,0,-1,-1
"183",1,1,1,1,0,0,-1,0,-1
"184",0,0,0,0,0,0,-0.5,0,-1
"185",0,1,0,1,0,0,-1,0,-1
"186",0,0,0,0,1,0,0,0,-1
"187",0,0,0,0,1,0,-1,0,-0.5
"188",1,1,1,1,1,0,-1,1,-1
"189",1,1,0,0,1,0,0.5,-1,-1
"190",1,0,0,0,0,0,1,1,-1
"191",0,0,0,0,1,0,-0.5,0,-1
"192",1,1,0,0,1,0,0.5,-1,-0.5
"193",1,1,1,1,0,0,-1,1,-1
"194",1,1,0,1,1,0,0.5,0,-1
"195",0,0,0,0,1,0,0.5,-1,-1
"196",1,1,0,0,1,0,-0.5,-1,-0.5
"197",0,1,0,1,0,0,-1,0,-1
"198",1,1,0,0,1,0,-0.5,0,-1
"199",1,1,0,0,1,0,0.5,0,0
"200",1,1,0,1,1,0,-1,0,-1
"201",1,0,0,0,1,0,-1,0,-1
"202",1,1,0,0,0,0,0.5,-1,-1
"203",1,1,0,1,1,0,-1,0,-0.5
"204",1,1,0,0,1,0,-1,-1,-1
"205",0,1,0,0,1,0,0.5,-1,-1
"206",1,1,1,1,0,0,-0.5,1,-1
"207",1,1,1,0,1,0,0.5,-1,-1
"208",1,1,0,0,1,0,-1,0,-1
"209",1,1,0,0,1,0,0.5,-1,0
"210",1,1,0,0,1,0,1,-1,-1
"211",1,1,0,0,1,0,-0.5,-1,-1
"212",0,0,0,0,0,1,-1,1,-1
"213",0,1,0,1,0,0,-1,0,-1
"214",0,0,0,0,0,0,-1,1,-1
"215",1,1,0,1,0,0,-0.5,1,-1
"216",1,1,0,1,0,0,-1,1,-0.5
"217",0,0,0,0,0,0,-1,0,-0.5
"218",1,1,0,1,0,1,-1,1,-1
"219",0,1,0,1,0,1,-1,1,-1
"220",0,0,0,0,0,0,-1,-1,0.5
"221",1,1,0,1,0,1,-1,0,-1
"222",1,1,1,1,1,0,-1,1,-1
"223",1,1,0,0,0,0,1,-1,-1
"224",0,0,0,0,0,0,-1,0,-0.5
"225",1,1,1,1,0,0,-1,1,-1
"226",0,0,0,0,1,0,-1,0,-1
"227",0,0,0,0,1,0,-1,1,-1
"228",0,0,0,0,0,0,-1,1,-1
"229",1,1,0,1,0,0,-1,1,-1
"230",1,1,1,1,0,0,-1,1,-1
"231",0,0,0,0,0,0,-1,0,-1
"232",1,1,1,1,0,1,-1,1,-0.5
"233",0,0,0,0,1,0,-1,1,-1
"234",1,1,1,1,0,1,-1,1,-1
"235",0,0,0,0,0,1,-1,0,-1
"236",1,1,0,0,1,0,-0.5,0,-1
"237",1,1,0,0,1,0,-1,-1,-1
"238",0,1,0,1,1,0,-1,0,0.5
"239",1,1,0,0,1,0,0.5,-1,-1
"240",1,1,1,1,1,0,-1,1,-1
"241",0,1,0,1,1,0,-0.5,0,-1
"242",1,1,0,0,0,0,1,-1,-1
"243",1,1,0,0,1,0,0.5,-1,-1
"244",1,0,0,0,0,0,-1,1,-1
"245",0,0,0,0,1,0,0.5,-1,0
"246",1,1,0,0,1,0,0.5,0,0
"247",1,1,0,0,1,0,-0.5,-1,-1
"248",1,1,0,1,1,0,-1,0,-1
"249",1,1,0,0,1,0,-0.5,-1,0
"250",1,1,0,0,1,0,1,-1,-1
"251",1,0,1,0,1,0,-1,1,0
"252",0,0,0,0,0,0,-0.5,1,-1
"253",1,0,0,0,1,0,0.5,-1,-1
"254",1,1,1,1,0,0,-1,1,-1
"255",1,1,0,0,1,0,0.5,-1,-1
"256",1,1,0,0,1,0,1,0,-0.5
"257",1,1,1,1,1,0,-1,1,-1
"258",1,1,1,1,0,1,-1,1,-1
"259",1,1,1,1,0,0,-0.5,1,-0.5
"260",0,0,0,0,0,0,0.5,0,-0.5
"261",1,1,0,0,1,0,-1,0,-1
"263",1,1,0,1,0,0,-1,1,-1
"264",0,1,0,1,1,0,0,0,-1
"265",1,1,0,0,1,0,-0.5,-1,-1
"266",0,0,0,0,1,0,1,0,-1
"267",0,0,0,0,0,0,-1,0,-1
"268",0,0,0,0,1,0,-0.5,0,-1
"269",1,0,0,0,0,0,0.5,-1,-1
"270",0,1,0,1,0,1,-1,1,-1
"271",0,1,0,1,1,0,-1,0,-1
"272",1,1,1,1,1,0,-1,1,-1
"273",0,1,0,1,1,0,-1,0,-1
"274",1,1,1,1,1,0,-1,1,-1
"275",1,1,1,1,1,0,-1,1,-1
"276",1,1,1,1,0,1,-1,1,-1
"277",1,1,1,1,1,0,-1,0,1
"278",0,0,0,0,0,1,-1,0,-1
"279",1,1,1,1,1,0,-1,1,-1
"280",0,1,0,1,0,1,-0.5,0,0
"281",0,1,0,1,1,0,-1,1,-1
"282",1,1,1,1,1,0,-1,1,-1
"283",1,1,1,1,1,0,-1,0,0
"284",1,1,1,1,1,0,-1,1,-1
"285",0,0,0,0,1,0,-1,1,-1
"286",1,0,1,0,0,0,-1,1,-1
"287",1,1,1,1,1,0,-0.5,1,-1
"288",1,1,1,1,1,0,-1,1,-1
"289",1,1,1,1,1,0,-1,0,-0.5
"290",0,0,0,0,1,0,-1,1,-0.5
"291",0,0,0,0,0,0,-1,0,-1
"292",0,1,0,1,0,0,-1,1,-1
"293",1,1,1,1,1,0,-1,0,-1
"294",1,1,1,1,1,0,-1,1,-1
"295",1,0,1,0,1,0,-1,0,-1
"296",0,1,0,1,0,1,-1,1,-1
"297",0,0,0,0,0,1,-1,1,-0.5
"298",1,1,0,0,1,0,-1,0,-0.5
"299",0,1,0,1,0,1,-1,1,-1
"300",0,0,0,0,0,0,-1,0,-1
"301",0,1,0,0,0,0,-1,-1,-0.5
"302",0,1,0,0,0,0,-1,0,-1
"303",0,0,0,0,0,1,-1,0,-1
"304",0,1,0,1,0,0,-1,1,-0.5
"305",0,0,0,0,0,0,-1,1,-1
"306",1,1,1,1,0,1,-0.5,1,1
"307",0,0,0,0,1,0,-1,0,-1
"308",0,0,0,0,0,0,-1,0,0
"309",0,1,0,1,1,0,-1,0,-0.5
"310",0,1,0,0,1,0,0,-1,-0.5
"311",1,1,1,1,0,0,-1,1,-1
"312",1,0,0,0,0,0,0.5,-1,0
"313",0,0,0,0,0,1,-1,1,-1
"314",1,0,1,0,1,0,-1,0,-1
"315",1,1,0,0,1,0,1,-1,-0.5
"316",1,1,0,0,1,0,0.5,-1,-1
"317",1,1,0,0,1,0,0.5,0,-1
"318",0,1,0,0,1,0,-1,1,-1
"319",0,0,0,0,0,0,-0.5,0,-1
"320",0,0,0,0,1,0,-1,0,-1
"321",1,1,1,1,0,1,-1,1,-0.5
"322",0,0,0,0,1,0,-0.5,0,-0.5
"323",0,1,0,1,0,1,-0.5,0,0
"324",1,1,1,1,1,0,-1,0,-1
"325",1,1,1,1,1,0,-1,0,0
"326",0,1,0,1,0,1,-1,1,-1
"327",1,1,1,1,1,0,-1,0,-1
"328",1,1,1,1,0,0,-1,1,-1
"329",1,1,1,1,1,0,-1,0,-1
"330",1,1,1,1,1,0,-1,1,-1
"331",1,1,1,1,0,0,-1,1,-1
"332",0,0,0,0,1,0,-0.5,0,-1
"333",1,1,0,0,1,0,-1,0,-1
"334",0,1,0,0,1,0,-0.5,-1,-1
"335",1,1,0,0,1,0,0.5,0,-1
"336",1,1,0,0,1,0,0.5,-1,-1
"337",1,1,1,1,1,0,-1,1,-1
"338",1,1,0,0,1,0,1,-1,0
"339",1,1,1,1,1,0,-0.5,1,-1
"340",0,1,0,1,1,0,-1,0,-1
"341",1,1,0,0,1,0,0.5,-1,0
"342",1,1,0,0,1,0,0,-1,-1
"343",1,1,1,1,0,0,-1,1,-1
"344",1,1,1,0,1,0,-1,0,-1
"345",1,1,0,0,1,0,0.5,-1,-0.5
"346",1,1,0,0,1,0,1,-1,-1
"347",1,1,1,1,1,0,-1,1,-1
"348",1,1,0,0,1,0,0.5,-1,-0.5
"349",1,1,0,1,1,0,-1,0,-1
"350",0,1,0,1,1,0,-1,1,-1
"351",0,1,0,1,1,0,-1,1,-1
"352",1,1,1,1,1,0,-1,1,-0.5
"353",1,1,0,1,0,0,-1,1,-1
"354",1,1,0,1,1,0,-0.5,-1,-1
"355",1,1,0,1,1,0,-1,0,-1
"356",1,1,1,1,1,0,-1,1,-1
"357",1,1,0,1,1,0,-0.5,0,-0.5
"358",0,0,0,0,1,0,-0.5,0,-1
"359",0,1,0,0,1,0,0.5,0,-1
"360",1,1,1,1,1,0,-1,1,-1
"361",1,1,0,0,1,0,-1,0,-1
"362",1,1,0,0,1,0,0.5,0,-0.5
"363",1,1,1,1,0,0,-1,0,-1
"364",1,1,1,1,1,0,-1,1,-1
"365",1,1,0,0,1,0,0.5,-1,-1
"366",1,1,0,0,1,0,-0.5,-1,-1
"367",1,1,1,1,1,0,-1,0,-1
"368",1,1,0,0,1,0,0.5,0,-0.5
"369",0,1,0,1,1,0,-1,1,-1
"370",0,1,0,0,1,0,1,0,0.5
"371",1,1,0,0,1,0,-0.5,0,-1
"372",0,0,0,0,1,0,-0.5,0,-1
"373",0,0,0,0,1,0,-1,1,-0.5
"374",0,1,0,1,0,0,-0.5,0,-1
"375",1,1,0,0,1,0,1,0,0
"376",0,0,0,0,1,0,-1,-1,-0.5
"377",1,1,1,1,1,0,-1,1,-1
"378",1,1,1,1,1,0,-1,1,-1
"379",0,1,0,1,0,0,-0.5,1,-1
"380",0,0,0,0,1,0,-1,0,-0.5
"381",1,1,0,0,1,0,1,0,-0.5
"382",1,0,0,0,1,0,0.5,-1,-1
"383",1,1,1,1,1,0,-1,1,-1
"384",0,0,0,0,1,0,-1,0,-1
"385",0,0,0,0,0,1,-1,0,-1
"386",0,0,0,0,0,0,-1,0,-0.5
"387",0,0,0,0,0,0,1,0,-1
"388",1,1,1,1,0,0,-1,1,-1
"389",1,1,0,0,0,0,0.5,0,-1
"390",0,1,0,1,0,0,-0.5,1,0
"391",0,1,0,1,0,0,-1,1,-1
"392",1,1,1,1,0,0,-1,1,-1
"393",0,1,0,1,0,0,-1,1,-1
"394",1,1,1,1,0,0,-1,0,-1
"395",1,1,1,1,1,0,-1,1,-1
"396",1,1,0,1,0,0,-1,0,-1
"397",0,0,0,0,0,0,1,1,-1
"398",1,1,0,0,1,0,1,-1,-1
"399",1,1,1,1,1,0,-1,1,-0.5
"400",1,1,1,1,1,0,-1,1,-1
"401",1,0,0,0,1,0,-1,0,-0.5
"402",1,1,0,1,0,0,0.5,1,-1
"403",0,0,0,0,1,0,0.5,0,-0.5
"404",0,0,0,0,1,0,0,0,-0.5
"405",1,1,1,1,1,0,-1,1,-1
"406",1,1,0,0,1,0,-1,0,-1
"407",0,0,0,0,1,0,-1,0,-1
"408",1,1,0,0,1,0,1,0,-0.5
"409",0,1,0,1,1,0,-1,0,-1
"410",0,1,0,1,1,0,-1,0,-1
"411",1,1,0,0,1,0,-1,0,-1
"412",1,0,0,0,1,0,-1,0,-1
"413",1,1,1,1,1,0,-1,1,-1
"414",1,1,1,1,0,0,-1,1,-1
"415",1,0,1,0,1,0,-1,0,-0.5
"416",0,1,0,1,0,0,-0.5,0,-1
"417",0,0,0,0,0,0,-1,0,-1
"418",0,1,0,1,0,0,-1,0,-1
"419",0,0,0,0,1,0,0.5,0,-0.5
"420",1,1,0,0,1,0,1,-1,-0.5
"421",1,1,0,0,1,0,0.5,0,-0.5
"422",0,1,0,0,1,0,0.5,0,0
"423",0,1,0,0,1,0,0.5,-1,0
"424",1,1,0,0,1,0,0.5,-1,-0.5
"425",1,1,0,0,1,0,1,0,-1
"426",0,0,0,0,1,0,-1,0,-1
"427",1,1,0,0,1,0,-1,-1,-1
"428",1,1,0,1,1,0,-0.5,0,0
"429",1,1,0,0,1,0,0.5,-1,-0.5
"430",1,1,1,1,1,0,-0.5,1,-0.5
"431",1,1,0,0,1,0,1,-1,-0.5
"432",0,1,0,1,1,0,-1,1,-1
"433",0,0,0,0,1,0,-1,0,-1
"434",0,1,0,0,1,0,1,-1,-1
"435",1,1,1,1,1,0,-1,1,-1
"436",0,1,0,0,1,0,0.5,-1,-1
"437",1,1,0,1,1,0,-1,1,-1
"438",1,1,1,0,1,0,-0.5,0,-0.5
"439",1,1,1,1,0,0,-1,1,-1
"440",1,1,0,1,1,0,0.5,0,-0.5
"441",0,0,0,0,1,0,1,0,-0.5
"442",0,1,0,1,0,0,1,0,0
"443",1,1,1,1,1,0,-1,1,-0.5
"444",0,0,0,0,0,0,-1,0,0
"445",1,0,1,0,1,0,-1,1,-1
"446",1,1,1,0,1,0,-1,-1,-1
"447",1,1,1,1,1,0,-1,1,-1
"448",1,1,0,1,1,0,-1,0,-1
"449",0,1,0,1,1,0,-1,1,-1
"450",0,1,0,1,1,0,-1,1,-1
"451",0,1,0,0,0,0,-1,1,-1
"452",1,0,1,0,0,1,-1,1,-1
"453",0,1,0,0,1,0,0.5,0,-1
"454",1,1,1,1,1,0,-1,0,-1
"455",1,1,1,1,1,0,-1,1,-1
"456",1,0,0,0,1,0,1,0,-1
"457",0,0,0,0,1,0,-1,-1,-1
"458",1,1,1,1,0,0,-0.5,1,-0.5
"459",0,0,0,0,0,0,0.5,0,0
"460",1,1,0,1,1,0,-1,1,0
"461",1,1,0,1,1,0,-1,1,-0.5
"462",1,1,0,1,0,1,-1,0,-1
"463",0,1,0,1,0,1,-1,0,-0.5
"464",1,1,1,1,0,1,-0.5,0,-0.5
"465",0,0,0,0,0,1,-1,0,-1
"466",0,1,0,1,0,0,-1,0,-1
"467",1,1,1,1,0,1,-1,1,-1
"468",1,0,1,0,0,1,-1,1,-0.5
"469",0,0,0,0,0,1,0,1,-1
"470",0,1,0,1,0,0,-1,1,-1
"471",0,1,0,1,0,0,-1,1,-1
"472",1,1,1,1,1,0,-1,1,-1
"473",1,0,1,0,0,1,-1,1,-1
"474",1,0,1,0,0,1,-0.5,1,-0.5
"475",1,1,1,1,0,1,-1,0,-1
"476",0,1,0,1,0,1,-1,1,-1
"477",1,1,1,1,0,0,-1,0,-1
"478",0,0,0,0,0,1,-1,0,-1
"479",0,0,0,0,0,0,-1,0,-1
"480",0,1,0,1,0,1,-1,0,-1
"481",1,1,0,1,0,1,-1,1,-1
"482",0,0,0,0,0,1,-1,1,-1
"483",1,1,1,1,0,0,-0.5,1,0
"484",0,0,0,0,0,1,-1,0,-0.5
"485",0,1,0,0,0,1,-1,0,0
"486",1,0,1,0,0,1,-1,1,-0.5
"487",0,1,0,1,0,0,-1,1,-1
"488",1,1,1,1,0,1,-1,1,-1
"489",0,1,0,1,0,1,-1,1,0.5
"490",1,1,1,1,0,0,-1,0,-1
"491",0,0,0,0,0,1,-1,0,-1
"492",0,1,0,1,0,1,-1,1,-1
"493",1,1,1,1,0,1,-1,1,-0.5
"494",1,1,0,1,0,1,-1,1,-1
"495",1,1,1,1,0,1,-1,0,-1
"496",1,1,1,0,0,0,-1,1,0
"497",1,0,1,0,0,1,-0.5,1,-1
"498",0,0,0,0,0,1,1,1,0
"499",0,0,0,0,0,1,-1,0,-1
"500",0,0,0,0,0,1,-1,0,-1
"501",0,0,0,0,0,1,-1,1,-1
"502",0,0,0,0,0,1,-1,0,0
"503",0,0,0,0,0,1,0.5,1,-0.5
"504",1,1,1,1,0,1,-1,1,-1
"505",1,1,1,1,0,1,-1,1,-1
"506",1,1,1,1,1,0,-1,1,-0.5
"507",1,0,1,0,0,1,-1,1,-1
"508",0,1,0,1,0,1,-1,1,-1
"509",1,1,1,0,0,1,-1,-1,-0.5
"510",1,1,1,1,0,1,-1,0,-1
"511",1,1,1,1,0,1,-1,1,-1
"512",1,1,0,1,0,1,-0.5,0,0
"513",0,0,0,0,0,1,1,1,-0.5
"514",0,1,0,1,0,1,-1,1,-1
"515",1,1,1,1,0,0,-1,1,-1
"516",1,1,1,1,1,0,-1,-1,-1
"517",1,1,1,1,1,0,-1,1,-1
"518",1,1,0,0,1,0,1,0,-1
"519",1,1,0,0,1,0,-0.5,0,-0.5
"520",1,1,1,1,1,0,-1,0,-1
"521",1,1,0,1,1,0,-1,0,-1
"522",1,1,1,1,0,1,-1,1,-1
"523",0,0,0,0,0,0,-1,1,-1
"524",1,1,0,1,1,0,-0.5,0,-1
"525",0,1,0,1,1,0,0.5,1,-1
"526",1,1,1,1,0,0,-1,0,-0.5
"527",1,0,0,0,1,0,0.5,-1,-1
"528",1,1,1,1,0,1,-1,1,-1
"529",0,1,0,1,0,1,-1,1,-0.5
"530",1,1,1,1,0,1,-1,0,-1
"531",1,1,0,0,1,0,-1,-1,-1
"532",0,0,0,0,1,0,-1,0,-1
"533",1,1,0,0,1,0,0,0,-1
"534",0,1,0,1,1,0,-0.5,0,-1
"535",1,1,1,1,1,0,-1,1,-1
"536",1,0,0,0,1,0,-1,1,-0.5
"537",0,1,0,0,0,1,-1,0,0.5
"538",1,1,0,0,1,0,1,-1,-0.5
"539",1,0,0,0,1,0,-0.5,-1,-1
"540",1,1,0,0,1,0,0.5,-1,-1
"541",1,1,0,0,1,0,0.5,-1,-1
"542",1,0,0,0,1,0,0.5,-1,-1
"543",1,1,0,0,1,0,0.5,1,-0.5
"544",0,0,0,0,1,0,1,0,-1
"545",1,1,1,1,0,0,-1,0,-1
"546",0,0,0,0,1,0,0.5,0,-1
"547",1,1,0,0,1,0,1,-1,0
"548",0,0,0,0,1,0,0.5,0,-1
"549",0,0,0,0,1,0,-1,0,-1
"550",1,1,0,0,1,0,1,-1,-0.5
"551",1,1,0,0,1,0,0,0,-1
"552",1,1,0,0,1,0,0.5,1,-1
"553",1,1,0,1,1,0,-1,1,-1
"554",1,1,0,0,1,0,-0.5,-1,-1
"555",0,0,0,0,1,0,1,-1,0
"556",0,0,0,0,1,0,-1,0,-0.5
"557",1,1,1,1,0,1,-1,1,-1
"558",0,1,0,1,1,0,0.5,0,0
"559",0,1,0,0,1,0,-0.5,-1,-1
"560",0,0,0,0,1,0,1,-1,-1
"561",0,1,0,1,0,1,0.5,0,-0.5
"562",0,0,0,0,0,1,0,0,-0.5
"563",1,0,1,0,0,1,-1,0,-1
"564",1,1,0,0,1,0,1,-1,-0.5
"565",1,1,0,0,1,0,1,-1,0
"566",1,1,1,1,0,1,-1,1,-1
"567",1,0,0,0,1,0,1,-1,0
"568",0,0,0,0,1,0,-0.5,1,-0.5
"569",0,0,0,0,1,0,0,0,-1
"570",1,1,0,0,1,0,0.5,-1,-0.5
"571",1,1,1,1,0,1,-1,0,-1
"572",0,1,0,0,1,0,0.5,-1,-0.5
"573",1,1,1,1,0,0,-1,0,-1
"574",1,1,1,1,0,0,-1,1,-1
"575",0,0,0,0,0,0,-1,-1,-0.5
"576",1,1,1,1,1,0,-1,1,-1
"577",1,1,1,1,1,0,-1,1,-0.5
"578",1,1,0,0,1,0,-0.5,0,-1
"579",0,0,0,0,1,0,-1,1,-1
"580",0,0,0,0,0,1,-1,1,-1
"581",1,1,0,0,1,0,0.5,0,-1
"582",0,1,0,1,1,0,-0.5,0,-1
"583",1,1,1,1,0,1,-1,1,-0.5
"584",0,1,0,1,0,1,-1,1,-1
"585",1,1,1,1,0,1,-1,1,-1
"586",0,1,0,1,0,1,-0.5,1,-1
"587",1,1,0,0,1,0,0.5,-1,-0.5
"588",0,0,0,0,1,0,-1,0,-1
"589",1,1,1,1,1,0,-1,1,-1
"590",0,0,0,0,1,0,-1,-1,-1
"591",0,0,0,0,1,0,-1,1,-1
"592",0,0,0,0,1,0,-1,1,-1
"593",1,1,1,0,1,0,-1,1,-1
"594",0,0,0,0,1,0,-0.5,0,-1
"595",0,0,0,0,1,0,-1,0,-1
"596",1,1,0,0,1,0,-0.5,-1,-1
"597",1,1,0,1,1,0,-0.5,0,-0.5
"598",0,1,0,1,1,0,-1,1,-1
"599",1,1,0,1,1,0,0.5,0,-0.5
"600",1,1,1,1,1,0,-1,0,-1
"601",1,0,1,0,1,0,-1,1,-1
"602",1,1,0,0,1,0,0.5,-1,-1
"603",1,1,1,1,1,0,-0.5,1,-1
"604",1,1,0,0,1,0,-0.5,-1,-1
"605",1,1,1,0,1,0,-1,0,-1
"606",1,1,1,1,1,0,-1,0,-1
"607",0,0,0,0,1,0,-1,-1,-1
"608",1,1,1,1,1,0,-1,0,-1
"609",1,1,1,1,1,0,-1,0,-0.5
"610",1,0,0,0,1,0,1,-1,0
"611",0,1,0,0,1,0,-1,1,-1
"612",1,0,0,0,1,0,1,-1,-0.5
"613",1,1,0,0,1,0,-1,-1,-1
"614",1,1,0,0,1,0,-1,-1,-1
"615",1,1,1,1,0,0,0.5,1,-1
"616",0,1,0,0,1,0,1,-1,0
"617",1,1,1,1,0,0,-1,0,-1
"618",1,1,0,0,1,0,0.5,-1,-1
"619",0,0,0,0,1,0,0,0,-0.5
"620",0,0,0,0,0,0,0,0,-1
"621",0,0,0,0,1,0,1,-1,0
"622",1,1,0,0,1,0,-0.5,0,-1
"623",1,1,0,1,1,0,-1,1,-1
"624",0,0,0,0,1,0,-0.5,0,-1
"625",0,0,0,0,1,0,-1,-1,-1
"626",1,1,1,1,1,0,-1,1,-1
"627",1,1,0,0,1,0,1,-1,-1
"628",1,0,0,0,1,0,0.5,-1,-0.5
"629",1,1,1,1,0,0,-1,1,-1
"630",1,1,1,1,1,0,-1,0,-1
"631",0,0,0,0,1,0,1,0,-1
"632",1,1,0,0,1,0,0.5,-1,0.5
"633",0,1,0,0,1,0,-1,0,-1
"634",0,1,0,0,1,0,0.5,-1,-1
"635",1,0,0,0,1,0,1,0,-1
"636",1,1,0,0,1,0,1,-1,-1
"637",1,1,0,1,1,0,-0.5,1,-1
"638",0,1,0,1,0,0,-1,1,-1
"639",1,1,0,0,1,0,-1,-1,-1
"640",0,1,0,0,1,0,1,-1,-0.5
"641",0,1,0,1,1,0,-1,0,-1
"642",0,1,0,0,1,0,0.5,0,-0.5
"643",0,0,0,0,1,0,-1,0,-1
"644",1,1,1,1,0,0,-1,1,-1
"645",1,1,0,0,1,0,-1,-1,-0.5
"646",1,1,0,0,1,0,1,-1,-1
"647",1,0,0,0,1,0,-1,0,-1
"648",1,1,0,0,1,0,-1,-1,-0.5
"649",0,0,0,0,1,0,-1,0,-1
"650",0,1,0,0,1,0,0.5,0,-0.5
"651",0,1,0,1,1,0,0.5,-1,-1
"652",0,1,0,1,0,1,-1,1,-1
"653",1,1,1,1,1,0,-1,0,-1
"654",0,1,0,1,1,0,0,0,-1
"655",1,1,0,0,1,0,-1,0,-1
"656",1,1,1,1,1,0,-1,1,-1
"657",1,0,1,0,1,0,-1,0,-1
"658",1,1,1,1,1,0,-1,1,-0.5
"659",0,1,0,0,1,0,0.5,0,-1
"660",1,1,1,1,1,0,-0.5,1,-1
"661",1,1,1,1,1,0,-1,0,-1
"662",1,1,1,1,1,0,-1,0,-1
"663",1,0,1,0,1,0,-1,0,-0.5
"664",1,1,0,0,1,0,-0.5,0,-1
"665",1,1,0,1,1,0,1,-1,-1
"666",0,1,0,0,1,0,0.5,0,-0.5
"667",1,1,0,0,1,0,-0.5,-1,-1
"668",0,1,0,0,1,0,0.5,-1,-0.5
"669",1,1,0,0,1,0,0.5,-1,-1
"670",0,1,0,0,1,0,0.5,0,-0.5
"671",0,1,0,0,1,0,-1,0,-1
"672",0,0,0,0,1,0,-1,0,-1
"673",1,1,1,1,1,0,-1,1,-1
"674",1,1,1,0,1,0,-1,0,-1
"675",1,1,1,1,1,0,-1,1,-1
"676",1,0,0,0,1,0,-1,0,-1
"677",1,0,1,0,1,0,-1,1,-1
"678",1,1,0,0,1,0,0.5,-1,-1
"679",1,1,0,0,1,0,0.5,-1,-0.5
"680",1,1,1,1,1,0,-1,0,-1
"681",0,0,0,0,1,0,1,-1,-0.5
"682",1,1,1,1,1,0,-1,0,-1
"683",0,1,0,0,1,0,0.5,-1,-0.5
"684",1,1,0,0,1,0,1,-1,-1
"685",1,1,0,0,1,0,-1,-1,-1
"686",0,1,0,0,0,0,-0.5,0,-1
"687",0,0,0,0,1,0,-1,0,-1
"688",1,1,0,0,1,0,0.5,-1,-1
"689",1,1,0,0,1,0,0.5,-1,-0.5
"690",1,1,0,0,1,0,0.5,0,-1
"691",0,0,0,0,1,0,-1,-1,-1
"692",0,1,0,0,1,0,-0.5,1,-0.5
"693",1,1,0,0,1,0,-1,0,-1
"694",1,1,0,0,1,0,-0.5,-1,-0.5
"695",1,1,0,0,1,0,1,-1,-1
"696",1,1,1,1,1,0,-1,1,-1
"697",1,1,1,1,0,1,-1,1,-0.5
"698",1,1,0,0,1,0,1,-1,-1
"699",1,1,0,0,1,0,1,-1,-1
"700",1,1,1,1,0,1,-0.5,0,-1
"701",1,1,0,0,1,0,1,-1,-0.5
"702",1,1,0,0,1,0,-0.5,0,-1
"703",0,0,0,0,1,0,0.5,0,-0.5
"704",1,1,0,0,1,0,0.5,-1,0
"705",1,1,1,1,1,0,-1,1,-1
"706",1,1,1,1,1,0,-1,1,-1
"707",0,1,0,1,0,1,-1,0,-1
"708",1,1,1,1,0,1,-1,1,-1
"709",1,1,1,1,0,1,-1,1,-1
"710",1,1,1,1,0,1,-1,0,-0.5
"711",1,1,1,1,0,1,-1,1,-0.5
"712",0,1,0,1,0,1,1,0,-0.5
"713",0,0,0,0,0,1,-0.5,0,-1
"714",0,0,0,0,0,1,0.5,-1,-1
"715",1,1,0,1,0,1,-1,0,-1
"716",0,1,0,0,0,1,-0.5,1,-1
"717",1,0,1,0,0,1,-1,1,-1
"718",1,1,1,1,0,1,-1,1,-1
"719",0,0,0,0,0,1,-1,1,-0.5
"720",1,1,1,1,0,1,-1,1,-1
"721",1,1,0,1,0,1,-0.5,1,-1
"722",1,1,0,1,0,1,-1,0,-1
"723",0,0,0,0,0,1,-1,1,-1
"724",1,1,0,0,1,0,-1,0,-0.5
"725",1,1,1,1,0,1,-1,1,-1
"726",1,0,1,0,0,1,-1,1,-1
"727",0,1,0,1,0,1,-1,1,-1
"728",0,0,0,0,0,1,-1,1,-1
"729",1,1,1,1,0,1,-1,0,-1
"730",1,0,0,0,1,0,-1,0,-0.5
"731",0,0,0,0,1,0,0.5,0,-1
"732",1,1,1,1,0,1,-1,0,-1
"733",0,0,0,0,0,1,-1,0,-1
"734",1,1,1,1,0,1,-1,1,-0.5
"735",1,1,0,0,1,0,0.5,-1,-1
"736",0,0,0,0,1,0,-1,0,-0.5
"737",0,0,0,0,1,0,-1,1,-1
"738",1,1,0,0,1,0,1,-1,-0.5
"739",0,0,0,0,1,0,-1,0,-1
"740",1,1,0,0,1,0,0.5,0,-0.5
"741",1,1,0,0,1,0,1,0,-1
"742",1,0,0,0,1,0,0,0,-0.5
"743",1,1,0,0,1,0,0.5,-1,-1
"744",1,1,1,1,0,1,-1,1,-1
"745",1,0,1,0,0,1,-1,0,-1
"746",0,1,0,1,0,1,-1,0,0
"747",1,1,0,0,1,0,0.5,0,-1
"748",1,0,0,0,1,0,0,-1,-1
"749",1,1,0,1,1,0,-1,0,-1
"750",1,1,0,0,1,0,0.5,-1,0
"751",0,1,0,1,1,0,-1,0,-1
"752",0,0,0,0,1,0,-1,1,-0.5
"753",1,1,1,1,0,1,-1,1,-1
"754",1,1,0,0,1,0,1,-1,-0.5
"755",1,0,0,0,0,0,-1,0,1
"756",1,1,0,0,1,0,1,-1,0.5
"757",0,0,0,0,1,0,0,0,-1
"758",1,1,1,1,0,1,-1,0,-0.5
"759",0,0,0,0,1,0,0,0,-1
"760",1,1,1,0,1,0,-1,1,-1
"761",0,1,0,0,1,0,-1,0,-1
"762",0,0,0,0,1,0,-1,1,1
"763",0,0,0,0,1,0,-0.5,0,-0.5
"764",0,1,0,1,0,1,-1,0,0
"765",0,1,0,1,0,1,-1,1,-1
"766",0,1,0,1,0,1,1,1,-1
"767",1,1,1,1,0,1,-0.5,1,-1
"768",1,1,1,1,0,1,-1,1,-1
"769",1,1,1,1,0,1,-1,1,-1
"770",0,1,0,1,0,1,-0.5,1,0
"771",1,0,0,0,0,1,-0.5,0,0.5
"772",0,1,0,1,0,1,-0.5,-1,-1
"773",1,0,1,0,0,1,-1,1,-1
"774",0,0,0,0,0,1,-1,1,-1
"775",0,1,0,1,0,1,-1,1,-0.5
"776",1,1,1,1,0,1,-1,1,-1
"777",0,0,0,0,0,1,-1,1,0.5
"778",1,1,1,1,0,1,-1,1,0
"779",0,1,0,1,0,0,-1,0,-1
"780",1,1,1,1,0,1,-1,1,-1
"781",1,1,0,1,0,1,-1,1,-1
"782",0,0,0,0,0,1,-1,1,-1
"783",1,1,1,1,0,1,-1,1,0
"784",1,1,1,1,0,1,-1,1,-1
"785",1,1,1,1,0,1,-1,1,-1
"786",1,1,0,0,1,0,1,0,-1
"787",1,1,1,1,0,1,-1,1,0
"788",1,1,1,1,0,1,-1,1,-1
"789",1,1,1,1,0,1,-1,1,-1
"790",1,1,1,1,0,1,-1,1,-1
"791",1,1,1,1,0,1,-1,1,0
"792",1,1,1,1,0,1,-1,1,-1
"793",1,1,1,1,0,1,-1,0,-1
"794",1,0,1,0,0,1,-0.5,1,-1
"795",1,1,0,0,1,0,-1,0,-0.5
"796",0,0,0,0,1,0,-1,0,-1
"797",0,0,0,0,0,0,-1,0,-1
"798",0,0,0,0,1,0,-1,1,-0.5
"799",0,1,0,1,1,0,-1,1,-1
"800",0,0,0,0,1,0,-1,0,-0.5
"801",1,1,0,0,1,0,0.5,-1,-0.5
"802",1,1,0,1,1,0,-1,1,-1
"803",1,1,1,1,1,0,0.5,0,-0.5
"804",1,1,1,0,1,0,-1,1,-1
"805",1,1,1,1,1,0,-1,1,-1
"806",1,1,1,0,1,0,-1,1,-1
"807",0,0,0,0,1,0,-1,1,-1
"808",1,1,0,0,1,0,1,-1,0
"809",1,1,1,1,1,0,-1,1,-1
"810",1,1,0,0,1,0,-1,0,-1
"811",1,0,0,0,1,0,-1,0,-1
"812",1,1,0,0,1,0,0.5,-1,-1
"813",1,1,0,1,1,0,-0.5,1,-0.5
"814",1,1,0,1,1,0,-1,0,-1
"815",0,0,0,0,1,0,-1,1,-1
"816",0,1,0,0,1,0,-1,1,-1
"817",1,0,0,0,1,0,0,0,-0.5
"818",1,1,0,0,1,0,0,0,-1
"819",0,0,0,0,1,0,-1,-1,-0.5
"820",1,0,0,0,1,0,-1,1,0
"821",1,1,1,1,1,0,-1,1,-1
"822",1,1,0,1,1,0,-1,0,-1
"823",0,0,0,0,1,0,0,0,-0.5
"824",1,0,0,0,1,0,-0.5,1,-0.5
"825",1,1,1,1,0,1,-1,1,-1
"826",0,1,0,1,0,1,-1,1,-0.5
"827",0,1,0,1,0,1,-1,0,-1
"828",1,0,1,0,0,1,-1,1,-1
"829",1,1,1,1,0,1,-1,1,-1
"830",0,0,0,0,1,0,-1,0,-1
"831",1,1,1,1,0,1,-1,1,-1
"832",0,1,0,1,0,1,-1,1,-1
"833",0,0,0,0,1,0,-1,0,-0.5
"834",0,0,0,0,1,0,-0.5,0,-0.5
"835",0,0,0,0,0,1,-1,1,-1
"836",0,0,0,0,0,1,-1,1,-1
"837",0,1,0,1,1,0,-1,0,-0.5
"838",1,1,0,1,1,0,-1,1,-1
"839",0,0,0,0,1,0,-1,1,-1
"840",0,0,0,0,1,0,-1,0,-1
"841",1,0,0,0,1,0,-1,0,0
"842",0,1,0,1,1,0,-1,0,-0.5
"843",0,0,0,0,1,0,-1,1,-1
"844",0,0,0,0,1,0,0.5,0,-1
"845",1,1,0,0,1,0,1,-1,0
"846",1,1,0,0,1,0,1,-1,0
"847",1,1,0,0,1,0,1,-1,-1
"848",0,1,0,1,1,0,-1,1,-1
"849",0,0,0,0,1,0,-0.5,1,-0.5
"850",0,0,0,0,1,0,-0.5,1,-1
"852",0,0,0,0,1,0,-0.5,0,-1
"854",1,0,1,1,1,0,-1,0,-1
"856",1,0,0,1,1,0,0,-1,-1
"858",0,0,0,0,0,0,1,0,0.5
"860",0,0,0,0,1,0,0.5,1,-0.5
"862",1,0,0,0,1,0,-1,1,-1
"864",0,0,0,0,1,0,0.5,0,-0.5
"866",0,0,0,0,0,0,-1,0,-0.5
"868",0,0,0,0,1,0,1,0,0
"870",0,0,0,0,1,0,0,0,-0.5
"872",1,0,0,0,0,1,-1,0,-0.5
"874",1,0,0,1,0,0,0.5,-1,-1
"876",0,0,0,1,1,0,-0.5,0,-0.5
"878",1,0,0,1,1,0,0.5,0,-0.5
"880",1,0,0,1,1,0,1,-1,-1
"882",1,0,0,1,1,0,0.5,-1,-0.5
"884",1,0,0,1,1,0,-1,0,-1
"886",1,0,0,1,1,0,-0.5,0,-1
"888",1,0,0,1,1,0,0.5,-1,-0.5
"890",1,0,1,1,1,0,-1,1,-1
"892",1,0,0,0,1,0,-0.5,-1,-1
"894",1,0,0,0,1,0,-0.5,0,-1
"896",1,0,0,1,1,0,-0.5,0,-1
"898",1,0,0,1,1,0,0.5,1,-1
"900",1,0,0,0,1,0,1,-1,0.5
"902",1,0,1,1,1,0,-1,1,-0.5
"904",1,0,0,1,1,0,1,-1,-1
"906",0,0,0,0,0,1,-1,0,-0.5
"907",1,1,0,1,0,1,1,0,0.5
"908",1,1,1,1,0,1,-0.5,1,-1
"909",1,1,1,1,0,1,0,1,0.5
"910",0,1,0,1,0,1,-1,1,0
"911",1,1,1,1,0,1,1,1,-1
"912",0,1,0,1,0,1,-1,1,-1
"913",1,1,1,1,0,1,-1,1,-1
"914",1,0,1,0,0,1,-0.5,1,-0.5
"915",0,1,0,1,0,1,-1,1,-1
"916",1,1,1,1,0,1,-1,0,-0.5
"917",1,1,1,1,0,1,-1,1,-1
"918",1,1,1,1,0,1,-1,1,-1
"919",1,1,1,1,0,1,-1,1,-1
"920",0,1,0,1,0,1,-1,1,-1
"921",0,1,0,1,0,1,-1,0,-1
"922",1,1,1,1,0,1,0,1,-0.5
"923",0,1,0,1,0,1,-1,1,0
"924",0,0,0,0,0,1,-1,1,-1
"925",1,1,1,1,0,1,-1,1,-1
"926",0,0,0,0,0,1,-0.5,0,0
"927",1,0,0,0,0,1,-1,1,0.5
"928",1,1,0,1,0,1,0.5,1,-0.5
"929",1,1,1,1,0,1,-1,1,-1
"930",1,1,1,1,0,1,-1,1,-0.5
"931",1,1,1,1,0,1,-1,1,-1
"932",1,1,1,1,0,1,-0.5,1,-1
"933",1,0,0,0,0,1,-0.5,1,-0.5
"934",1,1,1,1,0,1,-0.5,1,-1
"935",0,0,0,0,0,1,-1,1,-1
"936",1,1,1,1,0,1,-1,1,0
"937",1,0,0,0,0,1,-1,0,-0.5
"938",0,0,0,0,0,1,0.5,1,-1
"939",1,1,0,1,0,1,-1,1,0
"940",0,1,0,1,0,1,-0.5,0,-0.5
"941",1,1,1,1,0,1,-1,0,0
"942",1,1,1,1,0,1,-1,1,0
"943",1,0,1,0,0,1,-1,0,0.5
"944",0,1,0,1,0,1,-0.5,1,0
"945",0,0,0,0,0,1,-0.5,0,-0.5
"946",1,1,1,1,0,1,-1,1,-1
"947",0,0,0,0,0,1,0,0,-0.5
"948",0,0,0,0,0,1,-1,1,-0.5
"949",1,1,1,1,0,1,-1,1,-1
"950",0,1,0,1,0,1,-1,0,-1
"951",0,1,0,1,0,1,-0.5,1,-0.5
"952",0,1,0,1,0,1,-1,0,-1
"953",1,1,1,1,0,1,-1,1,-1
"954",0,1,0,1,0,1,-1,1,-0.5
"955",1,1,1,1,0,1,-1,1,-1
"956",0,0,0,0,0,1,-0.5,0,-1
"957",0,0,0,0,0,1,-1,0,0
"958",0,0,0,0,0,1,-1,0,0
"959",0,1,0,1,0,1,-1,1,-0.5
"960",0,0,0,0,0,1,-1,0,-1
"961",1,0,1,0,0,1,0.5,0,-1
"962",0,1,0,1,0,1,0.5,1,-1
"963",1,1,0,0,1,0,1,0,-0.5
"964",1,1,0,0,1,0,0.5,1,-1
"965",1,1,0,0,1,0,-0.5,-1,-1
"966",0,0,0,0,1,0,-1,1,-0.5
"967",1,1,0,0,1,0,0.5,-1,-0.5
"968",0,1,0,1,1,0,-1,1,-0.5
"969",0,0,0,0,1,0,0.5,0,-0.5
"970",1,0,0,0,1,0,0.5,0,0.5
"971",0,1,0,1,1,0,-1,1,-1
"972",1,1,0,0,1,0,-1,0,-0.5
"973",1,1,1,1,1,0,-1,1,-1
"974",1,1,0,0,1,0,1,0,-1
"975",0,0,0,0,1,0,-1,1,-1
"976",0,0,0,0,1,0,0.5,0,-1
"977",1,1,0,0,1,0,1,-1,-0.5
"978",1,1,0,0,1,0,1,-1,-1
"979",0,0,0,0,1,0,-1,0,-0.5
"980",1,1,0,0,1,0,0.5,0,0
"981",1,1,0,0,1,0,-1,-1,-1
"982",1,1,0,0,1,0,-1,-1,-1
"983",1,1,1,0,1,0,-0.5,1,-1
"984",1,1,0,0,1,0,-1,1,-1
"985",1,0,0,0,1,0,1,-1,0
"986",0,0,0,0,1,0,0.5,-1,-0.5
"987",1,1,0,0,1,0,-1,1,-1
"988",0,0,0,0,1,0,-1,0,-1
"989",1,0,0,1,1,0,0.5,0,0
"991",1,0,0,1,1,0,-1,0,-1
"993",0,0,0,1,0,0,-0.5,1,0.5
"995",1,0,1,1,1,0,-1,0,-1
"997",1,0,1,1,1,0,-1,1,-1
"999",0,0,0,0,0,0,-1,0,0
"1001",1,0,1,1,1,0,-0.5,0,-1
"1003",0,0,0,0,0,0,1,0,0
"1005",1,0,1,1,1,0,-1,1,-1
"1007",1,0,1,0,1,0,-1,1,-0.5
"1009",1,0,0,0,1,0,-0.5,-1,-0.5
"1011",1,0,0,1,1,0,-0.5,0,-1
"1013",1,0,0,0,1,0,-0.5,-1,0
"1015",1,0,0,1,1,0,-0.5,-1,-1
"1017",1,0,1,1,1,0,-1,1,0
"1019",0,0,0,1,1,0,-1,0,-1
"1021",1,0,1,1,1,0,-1,0,-1
"1023",1,0,1,1,1,0,-1,1,-1
"1025",1,0,1,1,1,0,-1,1,-1
"1027",1,0,1,1,1,0,-1,1,-1
"1029",1,0,0,0,1,0,0.5,-1,-1
"1031",1,0,0,1,1,0,-1,0,-1
"1033",0,1,0,1,0,0,-1,0,-1
"1034",1,1,1,1,0,1,-1,0,-1
"1035",1,1,1,1,1,0,-1,1,-1
"1036",1,1,0,0,1,0,0.5,-1,-1
"1037",1,1,0,0,1,0,-0.5,-1,-1
"1038",0,0,0,0,1,0,0.5,0,-1
"1039",1,1,0,1,1,0,-1,-1,-1
"1040",1,1,0,0,1,0,1,-1,-1
"1041",0,1,0,0,1,0,1,0,-1
"1042",0,1,0,0,1,0,0.5,0,-1
"1043",1,1,0,1,1,0,-1,0,-1
"1044",1,1,0,1,1,0,-1,0,-1
"1045",0,0,0,0,1,0,-1,1,-1
"1046",0,1,0,1,1,0,-1,1,-1
"1047",1,0,0,0,1,0,0.5,-1,-0.5
"1048",1,1,1,1,1,0,-1,1,0
"1049",0,1,0,1,0,1,-1,0,-1
"1050",0,1,0,1,0,1,-1,1,-1
"1051",0,1,0,1,0,1,0.5,0,0
"1052",0,0,0,0,0,1,-1,0,-1
"1053",0,1,0,1,0,1,-1,0,-1
"1054",0,0,0,0,0,1,-1,0,-1
"1055",1,1,1,1,0,1,-0.5,1,-1
"1056",1,1,1,1,0,1,-1,1,-1
"1057",1,0,0,0,0,1,-1,0,0
"1058",1,1,1,1,0,1,-1,1,0
"1059",0,1,0,1,0,1,-1,1,-1
"1060",1,1,0,1,0,1,-1,0,-1
"1061",1,1,1,1,0,1,-1,0,-1
"1062",0,1,0,1,0,1,1,1,-0.5
"1063",0,1,0,1,0,1,-1,1,-1
"1064",1,1,1,1,0,1,-1,1,-1
"1065",1,1,1,1,0,1,-1,1,-1
"1066",1,0,1,0,0,0,-1,1,-0.5
"1067",1,1,1,1,0,1,-1,1,-1
"1068",1,1,1,1,0,1,-1,1,-1
"1069",1,0,1,0,0,1,-1,1,0
"1070",1,1,1,1,0,1,-1,1,-1
"1071",1,1,1,1,0,1,-1,1,-1
"1072",1,1,1,1,0,0,-1,1,-0.5
"1073",1,1,0,0,0,1,0,0,-1
"1074",1,0,1,0,0,1,-0.5,1,-0.5
"1075",1,1,1,1,0,1,-1,1,-1
"1076",1,1,1,1,0,1,-0.5,0,0
"1077",1,1,1,1,0,1,-0.5,1,-0.5
"1078",0,1,0,1,0,1,-1,1,-1
"1079",0,1,0,1,0,1,-1,1,0
"1080",1,1,1,1,0,1,-1,0,-0.5
"1081",1,1,1,1,0,1,-1,1,-1
"1082",1,1,1,1,0,1,-1,1,-1
"1083",0,0,0,0,0,1,-1,0,-1
"1084",0,1,0,1,0,1,-1,1,-1
"1085",1,1,1,1,0,1,-1,0,-1
"1086",0,1,0,1,0,1,-0.5,0,0
"1087",0,1,0,1,0,1,-1,1,0
"1088",1,1,1,1,0,1,-1,1,-1
"1089",0,1,0,1,0,1,-1,1,-0.5
"1090",1,0,1,0,0,0,-1,1,-0.5
"1091",1,1,1,1,0,1,-1,1,-0.5
"1092",1,0,0,0,0,0,-1,0,-1
"1093",1,0,0,0,0,1,-1,1,-1
"1094",1,1,1,1,0,1,-1,1,-0.5
"1095",0,1,0,1,0,1,0,0,0
"1096",0,1,0,0,0,1,-1,0,-0.5
"1097",1,1,1,1,0,1,-1,1,-1
"1098",1,1,1,1,0,1,-1,0,-1
"1099",1,0,0,0,0,1,-0.5,1,-0.5
"1100",0,1,0,1,0,1,-1,0,-1
"1101",0,1,0,1,0,1,-1,1,-1
"1102",0,1,0,1,0,1,-1,1,-1
"1103",1,1,1,1,0,1,-1,1,-1
"1104",0,0,0,0,0,1,-1,1,-1
"1105",1,1,1,1,0,1,-1,1,-1
"1106",1,1,1,1,0,1,-1,0,-1
"1107",1,1,1,1,0,0,-1,1,-1
"1108",1,1,1,1,0,0,-1,1,-1
"1109",1,1,1,1,0,1,-1,1,-1
"1110",1,1,1,1,0,1,-1,1,-1
"1111",1,1,1,1,0,1,-1,1,-0.5
"1112",1,0,1,0,0,1,-1,1,-1
"1113",1,1,1,1,0,1,-1,1,-1
"1114",1,1,1,1,0,1,-1,1,-1
"1115",1,0,1,0,0,1,-1,1,-1
"1116",0,0,0,0,0,1,-1,1,-0.5
"1117",1,1,1,1,0,1,-1,1,-1
"1118",1,1,1,1,0,1,-1,1,-1
"1119",1,1,1,1,0,1,-1,1,-1
"1120",1,1,1,1,0,1,-1,1,-1
"1121",1,1,0,1,0,1,-1,0,-0.5
"1122",1,1,1,1,0,1,-1,1,-1
"1123",1,1,0,0,0,0,0.5,-1,-1
"1124",1,1,1,1,0,1,-1,1,-1
"1125",0,1,0,1,1,0,-1,0,-1
"1126",0,1,0,1,1,0,-1,0,-1
"1127",1,1,0,1,1,0,-1,1,-1
"1128",0,0,0,0,1,0,-1,0,-1
"1129",0,1,0,1,0,1,-0.5,-1,-1
"1130",1,1,1,1,1,0,-1,0,-1
"1131",0,1,0,1,1,0,-1,0,-1
"1132",1,1,1,0,1,0,-0.5,1,-1
"1133",1,0,1,0,0,0,-1,1,-1
"1134",1,1,1,1,1,0,-1,1,-1
"1135",1,1,1,1,1,0,-1,0,-0.5
"1136",0,0,0,0,1,0,-1,1,-1
"1137",0,0,0,0,1,0,-1,0,-1
"1138",0,0,0,0,1,0,-1,1,-1
"1139",1,1,1,1,1,0,-1,1,-1
"1140",1,0,0,0,1,0,-1,0,-1
"1141",1,1,1,1,1,0,-1,1,-1
"1142",1,1,0,0,1,0,-1,0,-1
"1143",0,0,0,0,1,0,0.5,0,-1
"1144",1,0,1,0,0,1,-1,1,-0.5
"1145",1,1,0,1,0,1,0,1,0
"1146",1,1,1,1,0,1,-1,1,-1
"1147",1,0,0,0,0,0,0.5,0,-0.5
"1148",1,0,0,0,1,0,-0.5,0,-0.5
"1149",1,0,1,0,1,0,-0.5,0,-1
"1150",1,1,1,1,1,0,-1,0,-1
"1151",1,1,1,1,1,0,-1,1,-0.5
"1152",1,1,1,1,1,0,-1,1,-1
"1153",1,1,1,1,0,0,-1,1,-1
"1154",1,1,1,0,1,0,0.5,0,-0.5
"1155",0,0,0,0,0,1,-0.5,0,-0.5
"1156",1,1,1,1,1,0,-1,1,-1
"1158",1,0,1,0,1,0,-1,1,-1
"1159",1,1,0,0,1,0,1,0,-1
"1160",1,1,1,0,1,0,-1,0,-1
"1161",1,1,1,1,1,0,-1,0,-1
"1162",1,1,0,0,1,0,0.5,0,-0.5
"1163",1,1,0,1,1,0,-1,0,-0.5
"1164",1,1,1,1,1,0,-1,0,-0.5
"1165",1,1,1,1,0,1,-1,1,-0.5
"1166",1,1,1,1,1,0,-1,0,-1
"1167",1,1,0,0,1,0,0.5,-1,-1
"1168",1,1,0,0,1,0,-0.5,-1,-0.5
"1169",1,1,0,0,1,0,0.5,0,-1
"1170",1,1,0,0,1,0,1,-1,-0.5
"1171",1,1,1,1,1,0,-1,1,-1
"1172",1,1,0,0,1,0,-1,1,-0.5
"1173",1,1,0,0,1,0,-0.5,-1,-1
"1174",1,1,0,0,1,0,0.5,-1,0
"1175",1,0,0,0,1,0,1,-1,-1
"1176",1,1,0,0,1,0,0.5,-1,-1
"1177",1,1,0,0,1,0,-1,-1,-1
"1178",0,1,0,0,1,0,1,-1,-0.5
"1179",1,1,0,0,1,0,-1,-1,-1
"1180",0,1,0,1,1,0,-1,1,-1
"1181",1,1,1,0,1,0,-0.5,1,-1
"1182",1,1,0,0,1,0,-0.5,0,-1
"1183",1,1,1,1,0,1,-1,1,-1
"1184",0,1,0,1,0,1,-1,1,-0.5
"1185",1,1,1,1,0,1,-1,0,-1
"1186",1,1,0,1,0,1,0,1,-1
"1187",0,0,0,0,0,1,-1,1,-1
"1188",0,1,0,1,0,1,-1,1,-1
"1189",1,1,1,1,0,1,-1,0,-1
"1190",1,1,1,1,0,1,-1,0,-1
"1191",1,1,1,1,0,1,-1,1,-1
"1192",1,1,1,1,0,1,-1,1,-0.5
"1193",1,1,1,1,0,1,-1,1,-1
"1194",1,1,1,1,0,1,-1,1,-1
"1195",0,0,0,0,0,1,-1,1,-1
"1196",1,1,1,1,0,1,-1,1,-1
"1197",0,1,0,1,0,1,-1,1,-1
"1198",1,1,1,1,0,1,-1,1,-1
"1199",1,0,0,0,0,1,-1,1,-0.5
"1200",1,1,1,1,0,1,-1,1,-1
"1201",1,1,1,1,0,1,-1,1,-1
"1202",0,0,0,0,0,1,-1,0,-1
"1203",1,1,1,1,0,1,-1,1,-1
"1204",1,0,0,0,1,0,-0.5,1,-0.5
"1205",0,1,0,1,0,1,-1,1,-1
"1206",0,0,0,0,0,1,-0.5,1,-1
"1207",0,1,0,1,0,1,-1,1,-0.5
"1208",1,1,0,1,0,1,-0.5,1,-0.5
"1209",0,0,0,0,0,1,-1,-1,0.5
"1210",1,1,1,1,0,1,-1,1,0
"1211",1,1,1,1,0,1,-1,0,-0.5
"1212",0,1,0,1,0,1,1,0,0
"1213",0,1,0,1,0,1,-1,1,-0.5
"1214",0,0,0,0,0,1,-1,1,-1
"1215",0,1,0,1,0,1,-1,0,-0.5
"1216",1,1,0,0,1,0,1,0,-0.5
"1217",1,1,0,0,1,0,1,-1,-1
"1218",1,1,0,0,1,0,0.5,-1,-0.5
"1219",0,1,0,0,1,0,-0.5,-1,-1
"1220",0,0,0,0,1,0,0.5,0,-0.5
"1221",0,1,0,0,1,0,1,0,0
"1222",1,1,0,1,1,0,-0.5,1,-1
"1223",1,1,0,0,1,0,1,0,-0.5
"1224",1,1,0,0,1,0,1,0,-0.5
"1225",0,0,0,0,0,1,-1,1,-1
"1226",1,1,0,0,1,0,0.5,1,0.5
"1227",1,1,1,1,1,0,-1,0,-1
"1228",1,1,0,1,0,1,-1,1,0
"1229",1,0,1,0,1,0,-1,1,-0.5
"1230",0,0,0,0,1,0,1,-1,-1
"1231",0,0,0,0,0,1,-1,0,-1
"1232",0,0,0,0,1,0,1,0,0
"1233",1,1,1,1,0,1,-1,1,0
"1234",1,1,0,1,0,1,-0.5,1,0
"1235",1,0,0,1,1,0,-0.5,1,-1
"1237",1,0,1,1,0,1,0,0,-1
"1239",1,0,1,1,1,0,-1,1,-1
"1241",0,0,0,0,1,0,-1,0,-1
"1243",1,0,1,1,1,0,-1,1,-1
"1245",1,0,0,1,1,0,-0.5,-1,-1
"1247",1,0,1,1,1,0,-1,1,-1
"1249",1,0,0,1,1,0,-1,0,-1
"1251",1,0,0,1,1,0,-1,0,-1
"1253",1,0,1,0,1,0,-1,1,-1
"1255",1,0,0,1,1,0,-1,0,-1
"1257",0,0,0,1,1,0,-1,1,-1
"1259",1,0,1,1,1,0,-1,1,-0.5
"1261",1,0,1,1,0,1,-0.5,1,1
"1263",1,0,1,1,0,1,-1,1,-0.5
"1265",0,0,0,1,0,1,-1,1,-1
"1267",1,0,1,1,0,1,-1,1,-1
"1269",1,0,0,0,0,1,-1,0,-1
"1271",1,0,1,0,0,1,-1,1,0
"1273",1,0,1,1,0,1,-1,1,-1
"1275",1,0,1,1,0,1,-1,0,-1
"1277",1,0,0,1,1,0,-0.5,-1,0.5
"1279",1,0,1,1,0,1,-1,0,-1
"1281",1,0,1,1,0,1,-1,1,-1
"1283",0,0,0,1,1,0,-1,1,-0.5
"1285",1,0,1,1,0,1,-1,1,-0.5
"1287",1,0,1,1,0,1,-1,1,-1
"1289",1,0,1,1,1,0,-1,1,-1
"1291",1,0,1,1,0,1,-1,1,-1
"1293",0,0,0,0,1,0,-1,0,-0.5
"1295",0,0,0,0,0,1,-1,1,-0.5
"1297",1,0,1,1,0,1,-1,1,-0.5
"1299",1,0,0,1,0,1,-1,1,-1
"1301",1,0,0,0,1,0,-1,1,-1
"1303",1,0,1,1,0,1,-1,1,-1
"1305",0,0,0,0,1,0,0,1,-1
"1307",0,0,0,1,1,0,0,0,-1
"1309",1,0,0,1,1,0,-1,0,-1
"1311",0,0,0,0,1,0,0.5,0,-1
"1313",0,0,0,0,1,0,-1,0,0
"1315",0,0,0,1,1,0,-0.5,-1,-1
"1317",1,1,1,1,1,0,-1,1,-1
"1318",1,1,1,1,0,1,-1,1,-1
"1319",1,1,1,1,0,1,-1,1,-0.5
"1320",1,0,0,0,1,0,-1,0,-0.5
"1321",1,1,0,0,1,0,-0.5,-1,-1
"1322",1,1,0,0,1,0,1,-1,-1
"1323",1,1,0,0,1,0,0,0,0
"1324",1,1,1,1,0,1,-1,1,-1
"1325",1,1,1,1,0,1,-1,1,-1
"1326",1,0,0,0,1,0,1,-1,-1
"1327",0,1,0,1,0,1,-1,1,-1
"1328",1,1,1,1,0,1,-1,1,-1
"1329",1,1,0,0,0,0,-1,0,-1
"1330",0,1,0,1,1,0,-1,-1,-1
"1331",1,1,1,1,1,0,-1,0,-1
"1332",1,0,0,0,1,0,-1,-1,-1
"1333",1,1,1,1,1,0,-1,-1,-1
"1334",1,1,0,0,1,0,-1,-1,-1
"1335",1,1,0,1,1,0,0.5,-1,-1
"1336",1,1,0,0,1,0,-0.5,-1,-1
"1337",1,1,0,0,1,0,0.5,-1,-0.5
"1338",1,1,0,0,1,0,0.5,-1,-1
"1339",0,0,0,0,1,0,-0.5,0,-1
"1340",1,0,1,1,0,1,-1,1,-1
"1342",0,0,0,0,1,0,0.5,1,-0.5
"1343",0,1,0,0,1,0,-0.5,0,-1
"1344",0,0,0,0,1,0,0.5,0,0
"1345",1,1,0,0,1,0,-0.5,0,-1
"1346",0,0,0,0,1,0,-0.5,0,-1
"1347",1,1,0,0,1,0,0.5,0,0
"1348",1,1,0,0,1,0,1,-1,-1
"1349",1,1,0,0,1,0,0.5,0,0.5
"1350",0,0,0,0,1,0,-1,0,-1
"1351",1,1,0,0,1,0,0.5,-1,-0.5
"1352",1,1,1,1,1,0,-0.5,1,-0.5
"1353",1,1,0,0,1,0,1,-1,-1
"1354",1,0,1,0,1,0,-1,0,-0.5
"1355",1,1,0,0,1,0,-1,-1,-0.5
"1356",1,1,0,0,1,0,0,-1,-1
"1357",1,1,0,0,1,0,0.5,-1,-0.5
"1358",1,1,0,0,1,0,0.5,-1,-0.5
"1359",0,0,0,0,1,0,-1,0,-1
"1360",1,1,0,0,1,0,0,0,0
"1361",1,1,0,0,1,0,0.5,-1,-0.5
"1362",0,0,0,0,1,0,-1,0,-0.5
"1363",1,1,1,0,1,0,-1,0,-1
"1364",1,1,1,0,1,0,0,0,-0.5
"1365",0,1,0,0,1,0,1,-1,0
"1366",0,0,0,0,1,0,0.5,-1,-0.5
"1367",1,1,0,0,1,0,0.5,-1,0
"1368",1,1,1,1,1,0,-1,0,-1
"1369",1,1,0,0,1,0,0,-1,-1
"1370",1,0,0,0,1,0,-1,-1,-0.5
"1371",1,1,0,0,1,0,0.5,-1,0
"1372",1,1,1,1,0,0,-1,1,-1
"1373",1,1,0,0,1,0,1,-1,-1
"1374",1,1,0,0,1,0,1,-1,-0.5
"1375",0,1,0,0,1,0,0.5,0,-0.5
"1376",1,1,1,1,1,0,-1,0,-1
"1377",0,1,0,1,1,0,-1,1,-1
"1378",0,1,0,0,1,0,1,-1,0.5
"1379",1,1,1,1,1,0,-1,0,-1
"1380",1,1,1,1,1,0,-1,0,-1
"1381",0,1,0,0,1,0,0.5,-1,-1
"1382",1,1,0,0,1,0,-1,0,-1
"1383",1,1,0,0,1,0,1,-1,0
"1384",0,1,0,1,1,0,-1,-1,-1
"1385",0,1,0,1,1,0,-1,1,-1
"1386",0,1,0,0,1,0,-1,0,-1
"1387",1,1,0,0,1,0,0.5,-1,-0.5
"1388",1,1,1,1,1,0,-1,1,-1
"1389",1,0,1,0,1,0,-1,0,-1
"1391",0,0,0,0,0,0,0,0,-1
"1393",1,0,0,0,1,0,1,-1,-1
"1395",1,0,1,0,1,0,-1,1,-1
"1397",0,0,0,0,1,0,-1,1,-1
"1399",1,0,1,0,0,0,-1,1,-0.5
"1401",1,0,0,0,1,0,-0.5,0,-1
"1403",0,0,0,0,1,0,-1,-1,-0.5
"1405",1,0,0,0,1,0,1,-1,-0.5
"1407",0,1,0,0,1,0,-0.5,0,-1
"1408",1,1,0,0,1,0,-0.5,-1,-1
"1409",1,1,1,1,1,0,-1,0,-1
"1410",1,1,0,1,1,0,1,1,-1
"1411",0,1,0,1,0,0,-1,0,-0.5
"1412",1,1,0,0,1,0,-0.5,-1,-1
"1413",1,1,1,1,1,0,-1,1,-1
"1414",0,1,0,1,0,0,0.5,1,0.5
"1415",1,1,1,1,0,1,-1,1,0
"1416",0,0,0,0,0,0,-0.5,1,0
"1417",0,1,0,1,0,0,0.5,0,-1
"1418",1,0,0,0,0,0,0.5,0,0.5
"1419",1,1,0,1,0,0,-1,1,-0.5
"1420",1,1,1,0,1,0,-0.5,1,-0.5
"1421",0,0,0,0,1,0,-1,1,-1
"1422",1,0,1,0,1,0,-1,1,-1
"1423",1,0,0,0,1,0,1,-1,0
"1424",0,0,0,0,1,0,-1,1,-0.5
"1425",0,0,0,0,1,0,-1,0,-0.5
"1426",1,1,0,0,1,0,1,-1,-0.5
"1427",0,0,0,0,1,0,-1,0,0
"1428",0,0,0,0,1,0,-1,0,-1
"1429",1,0,0,0,0,0,1,1,-1
"1430",1,1,0,1,0,0,-0.5,1,-1
"1431",0,0,0,0,0,0,-1,0,-1
"1432",1,1,1,0,1,0,-1,1,-1
"1433",0,1,0,1,1,0,-0.5,1,-0.5
"1434",0,0,0,0,1,0,-0.5,0,-1
"1435",1,1,0,1,1,0,-1,1,0
"1436",1,1,0,0,0,0,-0.5,1,-1
"1437",1,1,1,1,1,0,-0.5,1,-1
"1438",0,0,0,0,0,0,0,0,0
"1439",0,0,0,0,1,0,-0.5,0,-1
"1440",0,0,0,0,0,0,-1,1,-1
"1441",1,0,1,0,1,0,-1,0,-1
"1442",1,0,0,0,1,0,0.5,-1,-0.5
"1443",0,1,0,0,1,0,0.5,1,-1
"1444",0,1,0,1,0,0,-1,1,0
"1445",1,1,0,1,1,0,-1,1,-1
"1446",1,1,1,1,0,1,-1,1,-1
"1447",0,0,0,0,1,0,-1,0,0
"1448",1,1,0,0,1,0,-0.5,-1,-0.5
"1449",1,0,0,0,0,0,-1,0,-1
"1450",0,0,0,0,0,0,0.5,0,-1
"1451",1,1,0,1,1,0,-1,1,-1
"1452",1,0,0,0,0,0,1,-1,1
"1453",0,1,0,1,0,0,1,1,-1
"1454",0,0,0,0,0,0,1,0,0
"1455",1,1,0,1,1,0,-0.5,1,-1
"1456",1,1,0,0,0,0,-0.5,1,-0.5
"1457",0,0,0,0,1,0,0,0,-0.5
"1458",1,1,1,0,1,0,-0.5,0,-1
"1459",1,1,1,1,1,0,-1,0,-1
"1460",1,1,1,0,1,0,-1,-1,-1
"1461",1,1,0,0,1,0,-1,0,-0.5
"1462",0,0,0,0,0,0,-0.5,0,-0.5
"1463",1,1,1,1,1,0,-1,1,-1
"1464",1,1,0,1,1,0,0,1,-1
"1465",1,1,1,1,0,0,-1,1,-0.5
"1466",1,1,1,0,1,0,-1,1,-1
"1467",1,1,1,1,0,0,-1,0,-1
"1468",0,0,0,0,0,0,-1,0,-1
"1469",0,1,0,1,1,0,-1,1,-1
"1470",0,0,0,0,0,0,0.5,1,0.5
"1471",0,1,0,0,1,0,-1,0,0
"1472",1,0,0,0,1,0,1,1,-1
"1473",1,1,0,1,1,0,-0.5,1,-0.5
"1474",1,1,1,0,1,0,-1,1,-1
"1475",0,0,0,0,1,0,-1,0,-1
"1476",1,0,0,0,1,0,-1,1,-1
"1477",1,0,0,0,1,0,1,-1,-0.5
"1478",0,0,0,0,0,0,-1,0,-0.5
"1479",1,1,0,0,1,0,1,-1,0.5
"1480",0,0,0,0,1,0,-0.5,0,-1
"1481",1,1,1,1,1,0,-1,0,-1
"1482",1,1,0,1,1,0,-1,0,-1
"1483",1,1,0,0,1,0,0.5,-1,-1
"1484",0,0,0,0,1,0,-0.5,1,-1
"1485",0,0,0,0,1,0,-0.5,0,-0.5
"1486",1,1,0,0,1,0,-1,0,0
"1487",1,1,1,1,1,0,-0.5,1,-1
"1488",0,0,0,0,0,0,-1,0,-1
"1489",0,1,0,0,1,0,1,-1,1
"1490",1,1,0,1,1,0,-1,0,-1
"1492",1,1,0,0,1,0,-0.5,0,-1
"1493",1,1,0,0,1,0,-0.5,-1,-0.5
"1494",0,1,0,0,1,0,0.5,0,-1
"1495",1,0,0,0,1,0,1,-1,-1
"1496",1,1,0,1,1,0,-0.5,1,0
"1497",1,1,0,0,1,0,0.5,0,0.5
"1498",1,0,0,0,1,0,0.5,-1,-1
"1499",1,1,0,0,1,0,0,-1,-0.5
"1500",1,1,0,0,1,0,0,-1,-1
"1501",0,1,0,1,1,0,-1,1,-1
"1502",1,1,0,0,0,0,-1,-1,-0.5
"1503",0,1,0,0,1,0,1,0,-1
"1504",0,0,0,0,1,0,-0.5,0,0
"1505",0,0,0,0,1,0,-0.5,0,-1
"1506",1,1,0,0,1,0,0.5,-1,-0.5
"1507",1,1,0,0,1,0,0.5,-1,-0.5
"1508",1,1,1,1,0,1,-1,1,-0.5
"1509",1,1,1,1,1,0,-1,1,-1
"1510",1,1,1,1,0,0,-1,0,-1
"1511",1,0,1,0,0,1,-1,1,-1
"1512",1,1,1,1,0,0,-1,1,-0.5
"1513",1,1,1,1,1,0,-1,0,-1
"1514",0,0,0,0,1,0,-1,1,-0.5
"1515",1,1,1,1,1,0,-1,0,-1
"1516",1,1,1,1,1,0,-1,1,-1
"1517",0,1,0,1,1,0,-0.5,0,-0.5
"1518",0,0,0,0,0,1,-0.5,0,-1
"1519",1,0,1,0,0,1,-1,1,-1
"1520",1,1,1,1,1,0,-1,0,-0.5
"1521",0,0,0,0,0,1,1,0,-1
"1522",1,1,0,1,1,0,-1,0,-1
"1523",0,0,0,0,0,0,0,0,0
"1524",0,0,0,0,1,0,-1,0,-0.5
"1525",1,1,1,1,0,1,-1,1,-1
"1526",1,0,0,0,1,0,-1,0,-0.5
"1527",0,0,0,0,0,0,-1,1,-1
"1528",1,1,1,1,0,1,-1,0,-1
"1530",1,1,0,0,1,0,-0.5,1,-1
"1531",1,1,1,1,0,0,-1,1,-1
"1532",1,1,0,0,1,0,0.5,-1,-1
"1533",1,1,0,0,1,0,0.5,-1,-1
"1534",1,1,0,0,1,0,0.5,0,-1
"1535",1,1,0,1,1,0,-1,0,-1
"1536",0,0,0,0,1,0,0.5,0,-1
"1537",0,1,0,1,1,0,-1,0,-1
"1538",0,0,0,0,1,0,0.5,1,-1
"1539",0,0,0,0,1,0,-0.5,0,-1
"1540",1,1,0,1,0,1,-1,-1,-1
"1541",1,1,1,0,1,0,-1,0,-1
"1542",1,1,1,1,1,0,-1,1,-1
"1543",0,0,0,0,1,0,-0.5,-1,-1
"1544",1,0,1,0,1,0,-1,0,-1
"1545",1,1,1,1,1,0,-1,1,-1
"1546",1,0,0,0,1,0,-1,0,-1
"1547",0,0,0,0,1,0,-1,-1,-1
"1548",0,1,0,1,0,1,-1,0,-1
"1549",1,1,1,1,1,0,-1,1,-1
"1550",1,0,1,0,1,0,-1,1,-1
"1551",1,0,1,0,1,0,-1,0,-1
"1552",1,1,1,1,0,0,-1,1,-1
"1553",1,1,1,1,1,0,-1,1,-1
"1554",1,0,0,0,1,0,-1,-1,-1
"1555",1,1,0,0,1,0,0.5,-1,-0.5
"1556",0,1,0,1,0,1,-1,1,-1
"1557",1,1,1,1,1,0,-1,0,-1
"1558",1,1,1,1,0,0,-1,1,-1
"1559",1,1,0,1,1,0,-0.5,-1,-0.5
"1560",1,1,0,0,1,0,-1,-1,-1
"1561",1,1,0,1,1,0,-0.5,-1,1
"1562",1,0,0,0,1,0,-1,0,-1
"1563",0,1,0,0,1,0,-0.5,0,-1
"1564",0,1,0,1,1,0,-1,0,-1
"1565",0,0,0,0,1,0,0,0,-0.5
"1566",0,1,0,1,1,0,1,0,-0.5
"1567",1,1,1,0,1,0,-1,0,-1
"1568",1,1,0,0,1,0,-1,-1,-1
"1569",0,1,0,1,1,0,-1,0,-1
"1570",1,1,0,0,1,0,-1,-1,0
"1571",0,0,0,0,1,0,-1,0,-1
"1572",0,1,0,1,1,0,-1,0,-1
"1573",1,1,0,0,1,0,-1,-1,-1
"1574",1,0,0,0,1,0,-1,0,-1
"1575",1,0,0,0,1,0,-1,0,-1
"1576",0,1,0,0,1,0,-1,0,0
"1577",1,1,0,0,1,0,1,-1,-1
"1578",1,1,1,1,1,0,-1,0,-1
"1579",1,1,1,1,0,1,-1,1,-1
"1580",1,1,1,1,1,0,-1,1,-1
"1581",1,1,1,1,1,0,-1,1,-1
"1582",0,0,0,0,1,0,-1,-1,-1
"1583",0,0,0,0,1,0,-1,0,-1
"1584",1,1,0,1,1,0,-1,1,-1
"1585",0,0,0,0,1,0,-1,0,-1
"1586",1,1,0,0,1,0,-1,-1,-1
"1587",1,1,1,0,1,0,-1,0,-1
"1588",1,0,1,0,1,0,-1,1,-1
"1589",0,0,0,0,0,0,-1,0,-1
"1590",0,0,0,0,0,0,0,0,-0.5
"1591",0,0,0,0,1,0,-1,1,-1
"1592",1,1,0,0,1,0,1,0,-1
"1593",1,1,1,1,0,1,-1,0,-1
"1594",1,1,1,1,0,1,-1,1,-1
"1595",0,0,0,0,1,0,1,1,-0.5
"1596",0,0,0,0,0,0,-0.5,0,-1
"1597",0,1,0,1,1,0,-1,1,-1
"1598",1,1,1,1,0,1,-1,1,-1
"1599",1,1,1,1,0,1,-1,1,-1
"1600",0,0,0,0,0,1,-0.5,1,-0.5
"1601",1,1,1,1,0,1,-1,1,-1
"1602",0,0,0,0,1,0,-1,0,0
"1603",0,0,0,0,0,1,0,0,-0.5
"1604",1,1,1,1,0,1,-1,1,-0.5
"1605",0,1,0,1,0,1,-1,1,-1
"1606",0,1,0,1,0,1,-1,1,-1
"1607",1,1,1,1,0,1,-1,1,-1
"1608",0,1,0,1,0,1,-1,1,0.5
"1609",1,1,1,1,0,1,-1,1,-1
"1610",1,1,0,1,0,0,-0.5,0,-1
"1611",0,1,0,1,0,1,-1,1,-0.5
"1612",1,1,1,1,0,1,-1,0,-1
"1613",0,0,0,0,0,0,-1,0,-1
"1614",1,1,0,0,0,0,-0.5,0,-1
"1615",1,1,1,0,0,0,-1,1,-1
"1616",1,1,1,1,0,1,-1,1,-0.5
"1617",0,0,0,0,0,0,-1,1,-1
"1618",1,1,1,1,0,1,-1,1,-1
"1619",1,1,1,1,1,0,-1,1,-1
"1620",0,1,0,1,0,1,-1,1,-1
"1621",1,1,0,0,1,0,-0.5,-1,-1
"1622",0,0,0,0,0,0,0.5,0,-1
"1623",1,1,0,0,1,0,0.5,-1,-0.5
"1624",1,1,0,0,1,0,0.5,0,0
"1625",0,1,0,1,0,1,-1,1,-0.5
"1626",1,1,0,1,0,1,-1,1,-1
"1627",1,1,1,0,0,1,-1,1,-1
"1628",0,0,0,0,0,0,-0.5,0,-1
"1629",1,1,0,0,1,0,-1,-1,-1
"1630",1,1,1,1,0,0,-1,1,-1
"1631",0,0,0,0,1,0,-1,1,-1
"1632",1,1,1,1,1,0,-1,0,-1
"1633",1,1,1,1,1,0,-1,1,-1
"1634",1,1,0,0,1,0,0.5,0,-0.5
"1635",1,1,1,0,1,0,-1,1,-1
"1636",1,1,0,0,1,0,-0.5,-1,-1
"1637",1,1,1,0,1,0,-1,1,-1
"1638",0,0,0,0,1,0,-1,1,-0.5
"1639",0,0,0,0,1,0,-0.5,0,-0.5
"1640",0,1,0,1,1,0,-0.5,1,-1
"1641",1,1,1,0,1,0,-1,1,-1
"1642",1,1,1,1,0,1,-1,1,-1
"1643",1,1,1,1,1,0,-1,1,-1
"1644",1,0,1,0,1,0,-1,1,-1
"1645",1,1,0,0,1,0,-1,-1,-1
"1646",1,1,0,0,1,0,1,-1,-0.5
"1647",0,0,0,0,1,0,-1,1,-1
"1648",1,1,1,1,1,0,-1,1,-1
"1649",1,1,0,0,1,0,1,0,-0.5
"1650",0,0,0,0,1,0,-1,0,-1
"1651",1,1,1,1,1,0,-1,1,-1
"1652",1,1,1,1,0,0,-1,0,-0.5
"1653",1,1,0,0,1,0,1,-1,-1
"1654",1,1,1,1,1,0,-1,1,-1
"1655",1,1,1,1,1,0,-1,1,-1
"1656",0,0,0,0,1,0,0.5,0,-0.5
"1657",1,1,1,1,1,0,-1,0,-0.5
"1658",1,1,1,1,1,0,-1,1,-1
"1659",1,1,0,0,1,0,1,-1,-1
"1660",0,0,0,0,1,0,0.5,0,-1
"1661",1,1,0,1,1,0,-0.5,0,-1
"1662",1,1,0,0,1,0,0.5,1,-1
"1663",1,1,0,0,1,0,1,-1,-0.5
"1664",1,1,0,0,1,0,-1,-1,-1
"1665",1,1,1,0,0,0,-0.5,1,-0.5
"1666",1,1,0,0,1,0,-1,-1,-0.5
"1667",0,0,0,0,1,0,1,0,-1
"1668",1,1,1,1,1,0,-1,0,-0.5
"1669",0,0,0,0,1,0,-1,0,-1
"1670",0,1,0,0,1,0,0.5,-1,-0.5
"1671",0,0,0,0,1,0,0.5,-1,-1
"1672",0,0,0,0,1,0,-1,-1,-0.5
"1673",0,1,0,0,1,0,-0.5,-1,-0.5
"1674",1,1,0,0,1,0,-0.5,-1,-1
"1675",1,1,0,0,1,0,1,-1,0.5
"1676",1,1,0,0,1,0,0.5,0,-0.5
"1677",1,1,1,1,1,0,-0.5,1,-1
"1678",1,1,0,0,1,0,0.5,-1,-0.5
"1679",1,1,0,1,1,0,-1,1,-1
"1680",1,0,1,0,1,0,-1,1,-1
"1681",1,1,1,1,0,1,-0.5,1,-1
"1682",1,1,1,1,0,1,-1,1,-1
"1683",1,0,1,0,0,1,-0.5,1,-0.5
"1684",0,1,0,1,0,1,-1,1,-1
"1685",0,1,0,0,1,0,1,0,-0.5
"1686",1,1,1,1,0,1,-1,1,0.5
"1687",1,1,1,0,1,0,-0.5,1,-1
"1688",1,0,0,0,1,0,-1,0,-0.5
"1689",1,1,1,1,0,1,-1,1,-1
"1690",1,1,1,1,1,0,-1,1,-1
"1691",1,1,0,1,0,1,-0.5,1,-1
"1692",1,1,1,1,1,0,-1,1,-1
"1693",0,1,0,1,0,1,-1,0,0
"1694",0,0,0,0,0,1,-1,0,-1
"1695",1,1,0,0,0,0,1,-1,-0.5
"1696",0,0,0,0,1,0,0.5,0,-1
"1697",1,1,0,0,1,0,0.5,0,-0.5
"1698",0,0,0,0,0,0,-1,0,-0.5
"1699",1,1,0,1,1,0,-0.5,1,-1
"1700",1,1,0,0,1,0,0.5,0,-0.5
"1701",1,1,0,0,1,0,0.5,-1,-1
"1702",1,1,0,0,1,0,0.5,-1,-0.5
"1703",1,1,0,0,1,0,0.5,0,0
"1704",0,1,0,0,1,0,-1,0,-1
"1705",1,1,1,1,0,1,-0.5,1,-1
"1706",1,1,0,1,1,0,-1,1,-1
"1707",1,1,0,0,0,0,0.5,-1,-0.5
"1708",1,1,1,1,1,0,-1,1,-1
"1709",1,1,0,0,1,0,0,-1,-1
"1710",1,1,1,1,0,1,-1,0,-0.5
"1711",1,1,1,0,0,1,-1,1,-1
"1712",1,0,1,0,1,0,-1,1,-1
"1713",0,1,0,0,1,0,-1,-1,-1
"1714",1,1,1,1,0,1,-1,1,-1
"1715",1,1,0,0,1,0,-0.5,-1,-1
"1716",1,1,1,1,0,1,-1,1,-1
"1717",1,1,1,1,0,1,-1,1,-1
"1718",1,1,1,1,0,1,-1,1,-1
"1719",1,1,1,1,0,1,-1,1,-1
"1720",1,1,1,1,0,1,-1,1,-1
"1721",0,1,0,1,0,1,-1,1,-0.5
"1722",1,1,1,1,0,1,-1,1,-1
"1723",0,1,0,1,0,1,-1,1,-0.5
"1724",0,1,0,1,0,1,-1,1,-0.5
"1725",1,1,1,1,0,1,-1,1,-1
"1726",1,1,1,1,0,1,-1,1,-1
"1727",0,0,0,0,0,1,-1,1,0
"1728",1,1,1,1,0,1,-1,0,0
"1729",1,1,1,1,0,1,-1,1,-1
"1730",1,1,1,1,1,0,-1,1,-0.5
"1731",0,1,0,1,0,1,-1,1,0
"1732",1,0,0,0,0,1,-0.5,0,-1
"1733",0,0,0,0,0,1,-1,0,-0.5
"1734",1,1,1,1,0,1,-0.5,1,0
"1735",1,1,1,1,0,1,-1,0,-1
"1736",1,0,1,0,0,1,-1,1,-1
"1737",1,1,1,1,0,1,-1,1,-0.5
"1738",1,1,1,1,0,1,-1,1,-1
"1739",1,1,1,1,0,1,-1,1,-1
"1740",0,1,0,1,1,0,-1,0,-0.5
"1741",1,1,0,0,1,0,-1,0,-0.5
"1742",1,1,1,1,0,0,-1,1,-1
"1743",0,0,0,0,0,0,1,-1,-0.5
"1744",1,1,0,0,1,0,1,0,-1
"1745",1,1,0,1,0,0,-1,-1,-1
"1746",1,1,0,1,0,1,-1,-1,-1
"1747",0,1,0,0,0,0,-1,0,-1
"1748",1,1,0,0,1,0,1,-1,0.5
"1749",0,0,0,0,1,0,-1,0,0
"1750",1,1,1,0,1,0,-1,1,-1
"1751",1,0,1,0,0,1,0.5,1,-0.5
"1752",0,0,0,0,1,0,-1,1,-1
"1753",1,1,1,1,1,0,-1,0,-1
"1754",0,1,0,1,1,0,-1,1,-1
"1755",1,1,1,1,1,0,-1,1,-1
"1756",1,1,1,1,0,0,-1,1,-1
"1757",1,1,0,0,1,0,0.5,-1,0
"1758",1,0,0,0,0,0,0.5,1,-1
"1759",1,1,1,1,1,0,-1,1,-1
"1760",1,1,1,1,1,0,-1,1,-1
"1761",1,1,0,0,1,0,0,0,-1
"1762",1,0,1,0,1,0,-1,1,-1
"1763",0,1,0,0,1,0,-0.5,-1,-0.5
"1764",1,1,0,0,1,0,-0.5,-1,-1
"1765",0,1,0,1,1,0,-1,0,-1
"1766",0,0,0,0,0,0,-1,0,-1
"1767",0,1,0,0,0,0,-1,1,-1
"1768",1,1,1,1,0,0,-1,0,-1
"1769",1,1,1,1,1,0,-1,1,-0.5
"1770",0,0,0,0,0,0,-0.5,0,-0.5
"1771",1,1,1,1,1,0,-1,0,-1
"1772",1,1,1,1,1,0,-1,1,-0.5
"1773",1,1,0,1,1,0,0,1,-1
"1774",1,1,1,0,1,0,-1,1,-1
"1775",1,1,0,0,1,0,-0.5,-1,-1
"1776",1,1,1,1,0,0,-1,1,-1
"1777",1,1,1,1,1,0,-1,1,-1
"1778",0,1,0,1,0,0,-1,1,-1
"1779",1,1,1,1,1,0,-1,1,-1
"1780",0,0,0,0,1,0,-1,0,-0.5
"1781",0,0,0,0,1,0,-0.5,0,-1
"1782",0,0,0,0,1,0,-0.5,0,-1
"1783",1,1,1,1,1,0,-1,1,-1
"1784",0,0,0,0,1,0,-0.5,0,-0.5
"1785",0,0,0,0,1,0,-1,1,-1
"1786",0,0,0,0,1,0,-1,0,-0.5
"1787",0,0,0,0,1,0,-1,1,-1
"1788",0,0,0,0,1,0,-1,0,-1
"1789",1,1,0,1,1,0,0,1,-1
"1790",0,0,0,0,1,0,-1,0,-0.5
"1791",1,1,0,1,1,0,-1,0,-1
"1792",1,1,0,0,1,0,1,-1,-1
"1793",1,1,1,1,1,0,-1,1,-1
"1794",1,0,0,0,1,0,-1,-1,0
"1795",0,1,0,1,1,0,-1,0,-1
"1796",0,0,0,0,1,0,-1,0,-1
"1797",0,1,0,0,1,0,-0.5,-1,-1
"1798",1,1,1,1,1,0,-1,1,-1
"1799",1,0,1,0,1,0,-1,0,-1
"1800",0,0,0,0,1,0,-1,1,-1
"1801",1,1,1,0,1,0,-1,0,-1
"1802",1,1,0,0,1,0,1,-1,0
"1803",1,1,1,1,0,1,-1,1,0
"1804",0,0,0,0,0,1,-1,1,-1
"1805",1,1,1,1,0,1,-1,1,-0.5
"1806",1,1,1,1,0,1,-1,1,-1
"1807",1,1,1,1,0,1,-1,1,-1
"1808",1,1,1,1,0,1,-0.5,1,-1
"1809",0,1,0,1,0,1,-1,1,-1
"1810",1,1,0,1,0,1,-1,1,-0.5
"1811",1,1,0,1,0,0,-1,-1,-0.5
"1812",1,1,0,1,0,1,-1,0,-1
"1813",1,0,1,0,0,1,-1,1,-1
"1814",0,1,0,1,0,1,-1,0,-1
"1815",0,0,0,0,1,0,-1,0,-1
"1816",1,0,0,0,1,0,-1,0,-1
"1817",1,1,1,1,1,0,-0.5,0,-1
"1818",1,1,1,0,1,0,-1,0,-1
"1819",0,1,0,1,0,1,-1,0,-1
"1820",0,0,0,0,1,0,-1,0,-0.5
"1821",0,0,0,0,1,0,-1,0,0
"1822",0,0,0,0,0,0,-1,1,-1
"1823",1,0,0,0,1,0,-0.5,0,-0.5
"1824",0,1,0,1,1,0,-1,1,-1
"1825",0,0,0,0,1,0,-1,0,-1
"1826",0,0,0,0,0,0,-1,0,-1
"1827",0,0,0,0,0,0,-1,0,-1
"1828",0,1,0,1,0,1,-1,1,-1
"1829",0,1,0,0,1,0,0.5,-1,-0.5
"1830",0,1,0,1,1,0,-1,1,-1
"1831",1,1,1,1,0,0,-1,1,-1
"1832",1,1,1,1,1,0,-1,1,-1
"1833",0,0,0,0,0,1,-1,0,-1
"1834",0,0,0,0,0,1,-1,0,-1
"1835",0,0,0,0,0,1,-0.5,0,-1
"1836",1,1,1,1,0,1,-1,1,-0.5
"1837",1,1,0,0,1,0,1,-1,-0.5
"1838",1,1,0,0,1,0,0.5,-1,-0.5
"1839",1,1,1,1,0,1,-1,0,-1
"1840",0,0,0,0,0,1,-1,1,-1
"1841",0,0,0,0,0,1,-1,0,-1
"1842",1,1,1,1,0,1,-1,1,-1
"1843",1,1,0,1,0,1,-0.5,0,-0.5
"1844",0,0,0,0,1,0,-0.5,0,-0.5
"1845",1,1,0,1,0,1,-1,1,-1
"1846",0,0,0,0,0,1,-1,1,-1
"1847",0,0,0,0,0,1,-1,0,-1
"1848",1,1,1,1,0,1,-1,1,-1
"1849",0,0,0,0,1,0,-0.5,0,-0.5
"1850",0,0,0,0,1,0,1,0,-0.5
"1851",1,1,1,1,0,1,-1,1,0
"1852",0,0,0,0,1,0,0.5,-1,-1
"1853",1,1,0,0,1,0,0.5,-1,-1
"1854",1,1,0,0,1,0,0.5,-1,-0.5
"1855",1,1,0,0,1,0,0.5,-1,-1
"1856",0,1,0,1,1,0,-1,1,-1
"1857",1,0,0,0,0,1,1,0,-0.5
"1858",0,0,0,0,0,1,-1,1,-1
"1859",1,1,1,1,0,1,-1,1,-1
"1860",0,0,0,0,0,1,-1,1,-0.5
"1861",0,1,0,0,0,1,-1,0,-0.5
"1862",1,1,1,1,0,1,-1,1,-1
"1863",0,0,0,0,0,1,0,0,-0.5
"1864",0,0,0,0,0,1,-1,0,0.5
"1865",0,1,0,1,0,1,0,1,-1
"1866",0,0,0,0,0,1,1,0,0
"1868",0,0,0,0,0,1,-1,0,-1
"1869",1,1,0,0,1,0,-1,-1,-1
"1870",0,0,0,0,1,0,0.5,0,0
"1871",0,0,0,0,1,0,0,0,-1
"1872",0,0,0,0,1,0,0.5,0,-0.5
"1873",1,0,0,0,1,0,1,0,-1
"1874",0,0,0,0,1,0,-1,1,-1
"1875",0,0,0,0,0,1,-1,0,-1
"1876",0,1,0,1,0,1,-0.5,1,-0.5
"1877",1,1,0,1,0,1,-1,1,-1
"1878",1,0,1,0,0,1,-1,1,-1
"1879",0,1,0,1,0,1,-1,1,-1
"1880",1,1,0,0,1,0,0.5,0,-1
"1881",1,1,0,0,1,0,0.5,-1,-0.5
"1882",1,1,0,0,1,0,-1,1,-1
"1883",1,1,0,0,1,0,-1,-1,-1
"1884",1,1,0,0,1,0,0.5,-1,-1
"1885",1,1,0,0,1,0,1,-1,-0.5
"1887",0,1,0,1,0,1,-0.5,1,0
"1888",1,0,1,0,0,1,-1,1,-0.5
"1889",1,1,0,1,0,1,-0.5,1,0
"1890",1,1,1,1,0,1,-1,1,-0.5
"1891",0,0,0,0,0,1,-1,0,0
"1892",1,1,1,1,0,1,-1,0,-1
"1893",1,1,1,1,0,1,-0.5,1,-1
"1894",0,1,0,1,0,1,0.5,0,0
"1896",1,1,0,1,0,1,-1,1,-1
"1897",1,1,1,1,0,1,-1,1,-1
"1899",1,1,1,1,0,1,-1,1,-1
"1900",1,1,1,1,0,1,-1,1,-1
"1901",1,1,1,1,0,1,-1,1,-1
"1902",0,0,0,0,0,1,1,-1,1
"1903",1,1,1,1,0,1,-1,1,-1
"1904",0,0,0,0,0,1,-1,1,-1
"1905",0,0,0,0,1,0,-1,0,-0.5
"1907",1,0,1,1,0,1,0,1,-1
"1909",0,0,0,1,0,1,-1,1,-1
"1911",1,0,1,1,0,1,-1,1,-0.5
"1913",0,0,0,1,0,1,-1,1,-1
"1915",1,0,1,1,0,1,-1,1,0.5
"1917",1,0,1,1,0,1,-1,1,-1
"1919",1,0,1,1,0,1,-0.5,1,-1
"1921",0,0,0,1,0,1,-0.5,1,-1
"1923",0,0,0,0,0,1,-1,0,-0.5
"1925",0,0,0,1,0,1,-1,1,-1
"1927",0,0,0,1,0,1,-0.5,1,-0.5
"1929",1,0,0,1,1,0,1,-1,-0.5
"1931",0,0,0,0,0,1,-0.5,0,-0.5
"1933",1,0,1,1,0,1,1,1,-1
"1935",1,0,1,1,0,1,-1,1,-0.5
"1937",1,0,0,1,0,1,-1,1,-1
"1939",0,0,0,0,0,1,-1,1,-1
"1941",1,0,1,1,0,1,-1,1,-1
"1943",0,0,0,1,0,1,-1,0,0
"1945",1,0,0,1,0,1,-0.5,0,0
"1947",1,0,1,1,0,1,-1,1,-1
"1949",1,0,1,1,0,1,-1,1,-1
"1951",1,0,1,1,0,1,-0.5,1,-1
"1953",0,0,0,0,0,1,-1,0,-1
"1955",0,0,0,1,0,1,-0.5,1,-0.5
"1957",0,0,0,1,0,1,-1,-1,-1
"1959",1,0,1,1,0,1,-1,1,-1
"1961",0,0,0,1,0,1,-1,1,-1
"1963",0,0,0,1,0,1,-1,1,-1
"1965",0,0,0,1,0,1,0.5,1,0
"1967",0,0,0,0,0,1,1,0,-0.5
"1969",0,0,0,1,0,1,-0.5,1,1
"1971",1,0,1,1,0,1,-1,1,-1
"1973",1,0,0,1,1,0,0.5,-1,-1
"1975",1,0,0,1,1,0,-0.5,-1,-0.5
"1977",0,0,0,1,0,0,-1,0,-1
"1979",1,0,0,1,1,0,1,-1,-1
"1981",1,0,0,0,1,0,0.5,0,-1
"1983",0,0,0,1,1,0,-0.5,-1,-1
"1985",1,0,0,1,1,0,0.5,-1,-1
"1987",1,0,0,1,1,0,0.5,-1,-1
"1989",1,0,0,1,1,0,1,0,-0.5
"1991",1,0,0,1,1,0,0.5,0,-0.5
"1993",1,0,1,1,1,0,-1,0,-0.5
"1995",0,0,0,1,1,0,-1,0,-1
"1997",1,0,0,1,1,0,0.5,1,-1
"1999",1,0,0,1,0,0,-1,0,-1
"2001",0,0,0,0,1,0,-0.5,0,-1
"2003",1,0,0,1,1,0,-0.5,0,-0.5
"2005",1,0,1,0,1,0,-1,0,-1
"2007",1,0,0,1,1,0,0.5,0,-0.5
"2009",0,0,0,0,1,0,-1,0,-0.5
"2011",1,0,0,1,1,0,0.5,-1,-0.5
"2013",1,0,0,1,1,0,-0.5,-1,-1
"2015",1,0,0,1,1,0,0.5,0,0
"2017",1,0,0,1,1,0,1,-1,-0.5
"2019",1,0,0,1,1,0,-0.5,0,-0.5
"2021",1,0,0,1,1,0,0.5,-1,-0.5
"2023",1,0,0,1,1,0,-0.5,-1,-0.5
"2025",1,0,0,0,1,0,0.5,-1,-0.5
"2027",1,0,0,1,1,0,1,-1,-0.5
"2029",1,0,0,1,1,0,1,-1,-1
"2031",1,0,0,0,1,0,1,-1,-1
"2033",1,0,0,1,1,0,-0.5,-1,-0.5
"2035",1,0,0,1,1,0,-0.5,-1,-0.5
"2037",1,0,0,1,1,0,0.5,-1,0
"2039",1,0,0,1,1,0,-0.5,0,-1
"2041",1,0,0,1,1,0,1,-1,-1
"2043",1,0,0,1,1,0,-0.5,-1,-1
"2045",1,0,0,1,1,0,0.5,1,-0.5
"2047",1,0,0,1,1,0,-0.5,-1,-1
"2049",1,0,0,0,1,0,-1,0,-1
"2051",1,0,0,1,1,0,-0.5,-1,-1
"2053",1,0,1,1,1,0,-1,1,-1
"2055",1,0,0,1,1,0,0.5,-1,-0.5
"2057",1,0,0,1,1,0,1,1,-0.5
"2059",1,1,1,1,1,0,-1,1,-1
"2060",1,1,1,0,1,0,0.5,-1,-0.5
"2061",0,1,0,1,1,0,-1,0,-1
"2062",0,0,0,0,1,0,1,-1,-0.5
"2063",0,0,0,0,1,0,-1,1,-1
"2064",0,0,0,0,1,0,-1,0,-1
"2065",0,0,0,0,1,0,1,0,0.5
"2066",0,0,0,0,1,0,-1,1,-1
"2067",0,0,0,0,1,0,0,0,-1
"2068",0,1,0,1,1,0,1,0,-1
"2069",0,1,0,1,1,0,-1,1,-1
"2070",1,0,1,0,1,0,0.5,1,-1
"2071",0,1,0,1,1,0,0.5,0,-0.5
"2072",0,0,0,0,1,0,-1,1,-1
"2073",0,0,0,0,1,0,-1,0,-1
"2074",0,0,0,0,1,0,-1,1,0
"2075",1,1,1,1,1,0,-1,1,-1
"2076",1,1,0,1,1,0,-0.5,0,-1
"2077",0,0,0,0,1,0,-1,1,-1
"2078",1,1,1,1,1,0,-1,1,-1
"2079",0,1,0,1,0,0,-1,1,-1
"2080",0,0,0,0,1,0,-1,0,-1
"2081",0,0,0,0,1,0,-1,0,-0.5
"2082",1,1,1,1,0,0,-1,1,0
"2083",0,0,0,0,0,0,-0.5,1,0
"2084",0,0,0,0,1,0,-1,0,-1
"2085",0,0,0,0,1,0,-0.5,0,-1
"2086",1,1,1,1,0,0,-1,0,-1
"2087",0,0,0,0,1,0,-1,0,-0.5
"2088",0,0,0,0,0,0,-0.5,0,0
"2089",0,0,0,0,0,0,-1,0,-0.5
"2090",1,1,0,0,1,0,1,-1,-1
"2091",0,1,0,1,0,0,-1,1,-1
"2092",0,0,0,0,0,0,-0.5,1,-1
"2093",1,1,0,0,0,0,1,0,-1
"2094",0,0,0,0,1,0,-1,0,-0.5
"2095",0,1,0,1,1,0,-1,1,-1
"2096",1,1,0,0,1,0,0.5,0,0
"2097",1,1,1,0,0,0,-1,1,-0.5
"2098",0,0,0,0,1,0,-0.5,1,-0.5
"2099",1,1,1,1,1,0,-0.5,1,-1
"2100",0,0,0,0,1,0,0,0,-1
"2101",1,1,1,1,0,1,0.5,1,0
"2102",1,1,1,1,1,0,-1,1,-1
"2103",0,0,0,0,1,0,-0.5,0,-0.5
"2104",1,1,0,0,1,0,1,-1,-0.5
"2105",0,0,0,0,1,0,-1,1,-1
"2106",1,1,0,0,1,0,1,-1,0
"2107",0,0,0,0,1,0,0,0,-0.5
"2108",1,0,1,0,1,0,-1,1,-0.5
"2109",1,1,1,1,1,0,-1,1,-1
"2110",0,0,0,0,1,0,-0.5,0,-1
"2111",0,0,0,0,0,1,-1,1,-1
"2112",0,0,0,0,1,0,1,0,-0.5
"2113",1,1,1,1,1,0,-1,1,-1
"2114",1,1,1,1,1,0,-1,1,-1
"2115",0,0,0,0,1,0,0,1,-1
"2116",1,1,1,1,1,0,-1,1,-1
"2117",1,1,1,1,1,0,-1,1,-1
"2118",1,1,0,0,0,0,0.5,-1,-0.5
"2119",0,0,0,0,0,0,1,0,0
"2120",1,0,0,0,1,0,-0.5,0,-1
"2121",0,1,0,0,1,0,0.5,0,-1
"2122",0,0,0,0,1,0,-0.5,0,-1
"2123",0,0,0,0,0,0,0.5,0,-1
"2124",1,0,0,0,1,0,1,-1,-1
"2125",0,1,0,1,0,1,0,0,-0.5
"2126",0,0,0,0,0,1,-1,0,-1
"2127",1,1,0,0,0,0,1,-1,-1
"2128",1,1,1,1,0,1,-0.5,0,0.5
"2129",1,1,0,0,1,0,-0.5,-1,-1
"2130",1,1,1,1,1,0,-1,1,-1
"2131",1,1,1,1,1,0,-1,1,-1
"2132",0,0,0,0,1,0,0.5,0,-0.5
"2133",0,0,0,0,0,0,-1,1,-1
"2134",1,1,0,0,1,0,0.5,0,0
"2135",1,1,1,1,1,0,-1,1,-1
"2136",0,0,0,0,0,0,-1,0,-1
"2137",1,1,0,0,0,0,0,1,-1
"2138",0,0,0,0,1,0,0.5,0,-1
"2139",1,1,0,0,1,0,-0.5,0,-0.5
"2140",1,1,0,0,1,0,1,0,-1
"2141",1,1,0,1,1,0,-1,0,-1
"2142",1,1,0,0,1,0,-1,0,-1
"2143",1,1,0,0,1,0,1,-1,-0.5
"2144",1,0,0,0,1,0,-1,1,-1
"2145",1,1,0,0,1,0,-0.5,-1,-1
"2146",1,1,0,0,1,0,-1,-1,-0.5
"2147",0,0,0,0,0,0,-1,0,-0.5
"2148",1,0,0,0,1,0,0.5,-1,-1
"2149",1,1,1,1,1,0,-1,0,-1
"2150",0,1,0,1,0,0,-1,1,-1
"2151",0,0,0,0,1,0,-0.5,0,-1
"2152",0,0,0,0,1,0,0.5,0,-0.5
"2153",1,1,1,1,1,0,-1,0,-1
"2154",0,0,0,0,1,0,1,0,-0.5
"2155",0,0,0,0,1,0,0.5,0,-1
"2156",0,0,0,0,1,0,-0.5,-1,-1
"2157",1,1,1,1,0,1,-1,0,-1
"2158",0,0,0,0,1,0,-1,0,-1
"2159",1,1,0,1,1,0,-1,0,-1
"2160",0,0,0,0,1,0,-1,0,-1
"2161",0,0,0,0,1,0,-1,0,-1
"2162",0,0,0,0,1,0,-0.5,-1,-1
"2163",0,1,0,1,1,0,-0.5,0,-1
"2164",0,1,0,1,1,0,-1,1,-1
"2165",1,1,0,0,1,0,-0.5,0,-1
"2166",1,1,0,0,1,0,0.5,-1,-1
"2167",0,0,0,0,1,0,1,0,-1
"2168",1,1,1,1,1,0,-1,0,-1
"2169",1,0,1,0,0,0,-1,0,-1
"2170",0,0,0,0,1,0,0.5,0,-0.5
"2171",1,0,0,0,1,0,0.5,0,-0.5
"2172",0,0,0,0,0,0,0.5,0,-0.5
"2173",1,1,1,0,1,0,-1,0,-0.5
"2174",0,0,0,0,1,0,-1,0,-1
"2175",1,1,0,0,0,0,1,-1,0
"2176",1,1,0,0,1,0,0,-1,-0.5
"2177",1,1,0,0,1,0,1,0,1
"2178",0,1,0,1,0,0,-1,1,-1
"2179",1,0,0,0,1,0,-0.5,0,-0.5
"2180",1,1,0,1,1,0,-1,0,-1
"2181",1,1,1,1,0,1,-1,1,-0.5
"2182",1,1,1,1,1,0,-1,1,-1
"2183",1,1,0,0,1,0,0.5,-1,-1
"2184",1,0,1,0,1,0,-1,0,-1
"2185",0,1,0,0,1,0,0.5,-1,-0.5
"2186",1,1,0,1,0,0,1,0,0.5
"2187",0,0,0,0,1,0,1,0,-0.5
"2188",1,1,0,1,0,0,-1,1,-1
"2189",1,1,0,0,1,0,1,-1,0
"2190",1,1,0,0,1,0,1,-1,-0.5
"2191",0,1,0,1,1,0,0.5,0,-1
"2192",1,1,0,0,1,0,0.5,0,-1
"2193",1,1,0,0,1,0,1,-1,-1
"2194",1,1,0,0,1,0,1,-1,-1
"2195",1,1,1,1,1,0,-1,1,-1
"2196",1,1,0,0,1,0,-1,1,-0.5
"2197",0,1,0,1,1,0,-1,1,-1
"2198",1,1,1,1,0,0,-1,1,-1
"2199",0,0,0,0,0,0,-1,0,-1
"2200",0,0,0,0,1,0,-0.5,1,-1
"2201",0,0,0,0,1,0,1,1,0
"2202",0,0,0,0,0,0,-1,0,-1
"2203",1,1,0,1,0,0,-1,1,-0.5
"2204",1,0,1,0,1,0,-1,1,-0.5
"2205",0,1,0,0,0,0,-1,0,-0.5
"2206",1,1,0,1,0,0,-1,-1,-0.5
"2207",0,0,0,0,1,0,-1,0,0
"2208",0,1,0,1,1,0,-1,1,-1
"2209",1,1,0,1,1,0,1,0,-1
"2210",1,1,0,1,0,0,-0.5,1,-1
"2211",0,0,0,0,1,0,-0.5,1,-1
"2212",1,0,0,0,1,0,-0.5,0,0.5
"2213",0,1,0,1,1,0,-1,-1,-1
"2214",0,0,0,0,0,0,-0.5,0,-1
"2215",0,1,0,1,1,0,-1,1,-1
"2216",1,1,0,0,1,0,-0.5,-1,-0.5
"2217",1,1,1,1,0,0,-1,1,0
"2219",1,1,1,0,1,0,-1,1,-1
"2220",0,0,0,0,1,0,-1,0,-0.5
"2221",1,1,0,0,1,0,-1,0,-0.5
"2222",0,1,0,0,1,0,-1,1,-1
"2223",1,1,1,1,1,0,-1,1,-1
"2224",0,1,0,1,1,0,-1,0,-1
"2225",0,1,0,1,0,0,-0.5,1,-1
"2226",0,0,0,0,0,0,-1,0,-1
"2227",1,1,1,1,1,0,-0.5,1,-1
"2228",1,1,1,1,1,0,-1,1,0
"2229",0,0,0,0,0,0,-1,0,-1
"2230",0,0,0,0,1,0,-1,0,-1
"2231",1,0,0,0,1,0,0.5,1,-1
"2232",1,1,0,0,1,0,-1,0,-1
"2233",1,1,1,0,1,0,-1,0,-1
"2234",1,1,1,0,1,0,-1,0,-1
"2235",0,1,0,1,1,0,-0.5,0,-0.5
"2236",0,1,0,0,1,0,1,-1,-1
"2237",0,1,0,1,0,1,-1,1,-1
"2238",1,1,0,0,1,0,-1,-1,-1
"2239",1,0,1,0,0,1,-1,1,-0.5
"2240",0,1,0,1,0,1,-1,1,-1
"2241",0,1,0,1,0,1,-1,1,-1
"2242",0,0,0,0,0,0,-1,-1,-0.5
"2243",0,1,0,1,0,1,-0.5,1,-1
"2244",0,0,0,0,0,0,-0.5,0,0
"2245",1,1,0,1,0,1,-1,1,-0.5
"2246",0,0,0,0,0,1,-1,1,-1
"2247",1,1,1,1,1,0,-1,1,-1
"2248",0,0,0,0,0,1,-1,0,-1
"2249",1,1,1,1,0,1,-1,1,-1
"2250",0,0,0,0,0,1,-0.5,1,-1
"2251",1,0,0,0,0,0,-1,1,-1
"2252",0,1,0,1,0,1,-1,1,-1
"2253",1,1,0,0,0,1,-1,0,-1
"2254",1,1,1,1,1,0,0.5,1,-0.5
"2255",1,1,0,1,1,0,-1,0,-1
"2256",0,0,0,0,1,0,-1,1,-1
"2257",0,0,0,0,1,0,-0.5,1,-1
"2259",1,0,1,1,1,0,-0.5,1,-1
"2261",0,0,0,0,1,0,-1,0,-1
"2263",0,0,0,0,0,0,1,0,-1
"2265",0,1,0,1,1,0,1,-1,0
"2266",1,1,1,1,0,0,-1,1,-0.5
"2267",1,0,0,0,1,0,-0.5,-1,-0.5
"2268",0,0,0,0,1,0,-0.5,0,-1
"2269",1,0,0,0,1,0,-1,-1,-1
"2270",1,1,0,0,1,0,-1,0,-1
"2271",0,1,0,1,1,0,-1,1,-1
"2272",0,0,0,0,0,0,-0.5,0,-1
"2273",0,1,0,1,1,0,-1,0,-1
"2274",1,1,1,1,0,0,-0.5,0,-1
"2275",0,1,0,1,0,0,-1,0,-1
"2276",0,0,0,0,0,0,-0.5,0,-1
"2277",0,0,0,0,1,0,0.5,0,-1
"2278",0,0,0,0,1,0,0.5,0,0
"2279",1,1,1,0,1,0,-1,0,-0.5
"2280",0,1,0,1,0,0,-1,1,-1
"2281",0,1,0,1,1,0,0.5,0,-1
"2282",1,0,0,0,1,0,1,-1,-0.5
"2283",0,1,0,0,1,0,-1,0,-0.5
"2285",1,0,1,1,0,0,-1,1,-1
"2287",0,0,0,1,1,0,0.5,1,-1
"2289",1,0,0,1,0,1,-1,1,-1
"2291",0,1,0,0,1,0,-1,0,-1
"2293",0,0,0,0,0,1,0.5,1,-0.5
"2295",0,1,0,0,1,0,-1,1,-0.5
"2297",1,0,1,1,0,0,-1,1,-1
"2299",0,0,0,0,1,0,1,1,-0.5
"2301",0,1,0,0,1,0,-0.5,0,-0.5
"2303",1,0,1,0,0,1,-1,1,-1
"2305",1,0,1,1,1,0,-1,1,-0.5
"2307",1,0,1,1,0,1,-0.5,0,-1
"2309",0,0,0,1,1,0,-1,1,-1
"2311",1,0,0,0,1,0,1,-1,-1
"2313",0,0,0,1,1,0,-1,1,-1
"2315",0,1,0,0,1,0,1,0,0
"2317",0,0,0,1,1,0,-1,0,-1
"2319",1,0,1,1,0,1,-1,1,-0.5
"2321",0,1,0,0,1,0,-1,1,-1
"2323",0,0,0,0,1,0,-0.5,0,-0.5
"2325",0,1,0,0,1,0,-1,0,-1
"2327",1,0,0,1,1,0,-1,1,0
"2329",0,1,0,0,1,0,-1,0,-1
"2331",1,0,0,1,1,0,-1,1,-1
"2333",1,0,0,0,1,0,1,0,0
"2335",0,0,0,0,1,0,1,1,0.5
"2337",0,0,0,0,1,0,-1,1,0
"2339",0,0,0,0,1,0,-0.5,1,-1
"2341",0,0,0,1,1,0,-0.5,1,-0.5
"2343",0,0,0,0,1,0,-0.5,0,0
"2345",0,1,0,0,0,0,-0.5,-1,0
"2347",1,0,1,1,0,0,-1,1,-1
"2349",0,0,0,0,1,0,-1,0,-0.5
"2351",1,0,1,1,1,0,-1,1,-1
"2353",0,1,0,0,0,0,-1,0,-0.5
"2357",1,0,1,1,1,0,-1,1,-1
"2359",0,1,0,0,1,0,0.5,0,-1
"2361",0,0,0,0,0,0,-1,0,0.5
"2363",1,0,0,0,1,0,1,-1,-1
"2365",1,0,0,0,1,0,-1,1,-1
"2367",1,0,1,1,1,0,0,1,-1
"2369",0,1,0,0,0,0,-0.5,1,1
"2371",1,0,1,0,1,0,-1,1,-1
"2373",0,1,0,0,1,0,-1,1,-1
"2375",0,0,0,0,1,0,-1,0,-0.5
"2377",1,0,0,1,1,0,-1,-1,-0.5
"2379",0,0,0,0,1,0,-0.5,0,-1
"2380",0,0,0,0,1,0,-1,1,0
"2381",0,1,0,1,1,0,1,-1,-0.5
"2382",1,1,1,1,1,0,-1,1,-1
"2383",0,0,0,0,1,0,-0.5,0,-1
"2384",1,0,0,0,1,0,-1,1,-1
"2385",1,1,0,1,0,0,-0.5,0,0
"2386",0,0,0,0,0,0,-1,0,0.5
"2387",1,1,0,1,1,0,1,1,-1
"2388",0,0,0,0,1,0,-0.5,0,-1
"2389",1,1,1,1,1,0,-1,1,-1
"2390",0,0,0,0,1,0,-1,0,0
"2391",1,1,0,1,1,0,0.5,0,-1
"2392",1,1,1,1,1,0,-1,1,-0.5
"2393",1,0,1,0,1,0,1,1,-0.5
"2394",0,0,0,0,1,0,-1,0,-1
"2395",1,0,1,0,1,0,-1,0,-1
"2396",1,1,0,1,1,0,0.5,0,-0.5
"2397",0,1,0,0,0,0,-1,1,-1
"2398",0,0,0,0,1,0,-1,0,-1
"2399",0,1,0,1,1,0,-1,0,-1
"2400",1,1,1,1,0,0,-1,0,-1
"2401",1,1,1,1,1,0,-1,1,-0.5
"2402",0,0,0,0,0,1,0,0,-0.5
"2403",0,0,0,0,0,0,0.5,0,-0.5
"2404",0,1,0,1,1,0,-1,1,-1
"2405",1,1,1,1,1,0,-1,0,-1
"2406",1,1,1,1,1,0,-1,1,-1
"2407",0,0,0,0,1,0,-1,0,-1
"2408",0,0,0,0,0,0,-1,0,-0.5
"2409",0,0,0,0,1,0,-1,1,-1
"2410",1,1,0,0,1,0,0.5,-1,-0.5
"2411",1,1,1,1,1,0,-1,1,-1
"2412",1,1,1,1,1,0,-1,1,-1
"2413",1,1,0,0,1,0,-0.5,-1,-1
"2414",1,1,1,1,1,0,-1,1,-0.5
"2415",1,1,0,0,1,0,0.5,-1,-1
"2416",1,0,1,0,0,1,-1,0,-0.5
"2417",0,1,0,1,1,0,-0.5,1,0
"2418",0,0,0,0,0,1,-1,0,-1
"2419",1,1,1,1,0,1,-1,1,-1
"2420",1,1,0,1,0,1,-1,0,-1
"2421",0,0,0,0,0,0,1,0,0
"2422",1,1,0,1,0,1,-1,0,-1
"2423",0,0,0,0,0,1,-1,1,-1
"2424",0,0,0,0,0,1,0.5,0,0
"2425",0,0,0,0,1,0,-1,0,-0.5
"2426",0,0,0,0,0,1,-0.5,0,0.5
"2427",1,1,0,0,1,0,-0.5,0,-1
"2428",1,1,1,1,0,1,-1,1,-1
"2429",1,1,1,1,1,0,-1,1,-1
"2430",1,1,0,0,1,0,0.5,-1,-1
"2431",0,1,0,1,1,0,-1,1,-1
"2432",1,1,1,1,1,0,-1,1,-1
"2433",1,1,1,1,1,0,-1,1,-0.5
"2434",1,1,0,1,1,0,-0.5,1,-1
"2435",1,0,1,0,1,0,-1,0,-1
"2436",1,1,1,1,1,0,-1,1,-1
"2437",1,1,0,0,1,0,0.5,0,-0.5
"2438",1,1,1,1,0,1,-0.5,1,-1
"2439",1,1,0,1,1,0,-1,0,0
"2440",0,0,0,0,1,0,-0.5,0,-0.5
"2441",1,0,1,0,1,0,-1,1,-1
"2442",1,1,0,0,1,0,-1,0,-1
"2443",0,1,0,1,1,0,-1,0,-1
"2444",1,1,0,1,1,0,-1,0,-1
"2445",1,1,0,0,1,0,-1,0,-1
"2446",1,1,0,0,1,0,0.5,-1,-0.5
"2447",1,1,1,1,0,0,-1,1,-1
"2448",1,1,0,0,1,0,0.5,0,-0.5
"2449",1,0,0,0,0,0,-1,0,-1
"2450",1,1,0,0,1,0,0.5,0,-1
"2451",0,1,0,0,1,0,0.5,-1,-0.5
"2452",0,1,0,1,1,0,-1,1,-1
"2453",1,1,0,1,1,0,-1,0,-1
"2454",0,0,0,0,1,0,-1,0,-1
"2455",1,1,0,0,1,0,0.5,-1,-1
"2456",0,1,0,0,1,0,0,-1,0.5
"2457",1,1,1,1,1,0,-1,1,-1
"2458",1,1,0,0,1,0,0,0,-0.5
"2459",0,0,0,0,0,0,0,0,-0.5
"2460",1,1,0,0,1,0,0.5,0,-0.5
"2461",1,0,1,0,1,0,-1,1,0
"2462",1,1,0,0,1,0,0.5,-1,-1
"2463",1,1,0,0,1,0,0,-1,-0.5
"2464",1,0,1,0,1,0,-1,0,-1
"2465",0,1,0,0,1,0,0,-1,-0.5
"2466",1,1,1,1,1,0,-1,1,-1
"2467",1,1,0,0,1,0,0,0,0
"2468",1,0,0,0,1,0,0.5,0,-1
"2469",0,0,0,0,1,0,1,1,0
"2470",0,0,0,0,1,0,-1,0,-1
"2471",1,1,1,1,0,0,-1,1,-1
"2472",1,0,1,0,0,0,-1,1,-1
"2474",1,1,0,0,1,0,-1,0,-0.5
"2475",0,0,0,0,1,0,0.5,0,0
"2476",1,1,0,0,1,0,1,-1,-1
"2477",1,1,1,0,1,0,-1,1,-1
"2479",1,0,1,0,1,0,-1,0,-1
"2481",0,0,0,0,0,0,-1,0,-0.5
"2483",1,0,0,0,1,0,-1,-1,-1
"2485",0,0,0,0,1,0,0,1,0
"2487",1,0,1,0,0,1,-1,1,0
"2489",0,0,0,0,0,1,-0.5,1,-0.5
"2491",0,0,0,0,1,0,1,0,-1
"2493",1,1,1,0,1,0,-1,-1,0.5
"2495",1,1,1,0,1,0,-1,0,-1
"2497",0,0,0,0,1,0,-0.5,0,-0.5
"2499",1,1,0,0,1,0,1,-1,0
"2501",1,0,0,0,0,1,-1,1,-1
"2503",0,1,0,0,1,0,1,1,-0.5
"2507",1,1,0,0,1,0,-1,-1,-1
"2509",1,1,0,0,1,0,-1,-1,-1
"2511",1,0,0,0,1,0,0.5,-1,-1
"2513",0,0,0,0,0,1,-1,1,-1
"2515",1,0,1,0,0,1,-1,1,-1
"2517",1,0,1,0,1,0,-1,1,-1
"2519",0,0,0,0,1,0,-1,-1,-1
"2521",1,1,0,0,1,0,1,0,-1
"2523",0,1,0,0,1,0,0,0,0
"2525",1,0,1,0,0,1,-1,0,-1
"2527",0,1,0,0,0,1,-1,1,-0.5
"2529",1,0,1,1,1,0,-1,0,-1
"2531",1,0,0,1,1,0,0.5,0,-0.5
"2533",1,0,0,1,1,0,-1,0,-0.5
"2535",1,0,1,0,1,0,-1,1,-0.5
"2537",1,0,0,0,1,0,-1,1,-1
"2539",1,0,0,1,1,0,0.5,-1,-1
"2543",1,0,1,0,0,1,-1,1,-1
"2545",1,1,1,1,0,1,-1,1,-1
"2546",0,0,0,0,0,0,-1,1,-1
"2547",1,1,1,1,0,1,-1,1,-1
"2548",1,1,1,1,0,1,-1,1,-1
"2549",1,1,0,0,1,0,-1,-1,-1
"2550",0,1,0,1,1,0,-1,0,-1
"2551",0,1,0,1,0,1,0.5,0,-0.5
"2552",0,0,0,0,0,1,-1,-1,-0.5
"2553",1,1,1,1,0,1,-1,1,-1
"2554",0,0,0,0,0,1,-1,0,-1
"2555",1,1,1,1,0,1,-1,0,-1
"2556",1,1,1,1,1,0,-1,1,-1
"2557",1,1,1,1,1,0,-1,1,-1
"2558",1,0,0,0,0,1,-0.5,1,-0.5
"2559",1,1,1,0,1,0,-0.5,0,-1
"2560",0,0,0,0,1,0,-1,0,-1
"2561",1,1,1,1,1,0,-1,0,-1
"2562",0,0,0,0,1,0,-1,1,-0.5
"2563",1,1,1,1,1,0,-1,1,-1
"2564",0,0,0,0,1,0,-1,0,-1
"2565",0,0,0,0,0,0,-1,0,-1
"2566",1,1,1,1,0,0,-0.5,1,0
"2567",0,1,0,1,0,1,-1,1,-1
"2568",1,0,0,0,1,0,-1,-1,-1
"2569",1,1,1,1,1,0,-1,1,-1
"2570",1,1,0,0,1,0,0.5,-1,-0.5
"2571",1,1,0,1,1,0,-1,0,-1
"2572",1,1,1,1,1,0,-0.5,1,-0.5
"2573",1,1,0,0,1,0,-0.5,0,-1
"2574",0,1,0,1,1,0,-0.5,0,-1
"2575",0,1,0,1,1,0,0.5,0,-1
"2576",1,1,1,1,1,0,-1,1,-1
"2577",1,1,1,1,1,0,-1,1,-1
"2578",1,1,0,0,1,0,-1,-1,-1
"2579",1,1,1,1,1,0,-1,1,-1
"2580",1,0,0,0,1,0,1,0,0.5
"2581",0,0,0,0,1,0,-0.5,0,-1
"2582",1,1,0,0,1,0,0,0,-1
"2583",1,1,1,1,1,0,-1,1,-1
"2584",1,1,1,1,1,0,-1,0,-1
"2585",1,1,0,1,1,0,-0.5,0,-1
"2586",1,0,1,0,1,0,-0.5,0,-1
"2587",1,1,1,1,1,0,-1,1,-1
"2588",1,1,0,0,1,0,-1,-1,-1
"2589",0,0,0,0,1,0,0.5,1,-0.5
