"","x1","x2","x3","x4","x5","y1","y2","y3","y4","y5"
"1",12.8758487058803,0,4,6,15.4264714344173,3.97401709825917,12.3206846088702,48.0571263736187,20.8541970569667,0.513507010153937
"2",0.63213009852916,1,7,1,19.9088127867035,-0.115744920759501,17.147210675055,4.41881314279848,17.8997223336048,-2.22186312190019
"3",19.6520535449963,1,6,1,12.9352953392903,6.36852474588339,53.765960712092,12.5140248768024,21.427648349081,-1.95579052336995
"4",20.0426540395711,1,2,1,9.42462786914045,3.34239574354747,49.5818129611404,18.6980177703704,25.8370131717999,1.53652576195012
"5",21.9028722494841,0,2,2,7.19951821328973,6.29243036496176,12.6160979680685,26.4535286000889,23.7955458046337,1.9550824813374
"6",9.69356216373853,1,5,1,16.9772038434002,0.023730100520166,34.3534866732425,16.8979494515263,14.4046733042085,-1.98149992910228
"7",1.10247658449225,1,3,2,8.47913042690207,0.840012890272831,13.7182787005397,12.6474334324973,3.2990508758364,2.70672832047134
"8",4.8733796866145,0,4,4,8.54023518215917,1.1883185552884,11.8980480719643,31.3200377317137,9.92977286355144,-0.670175448693736
"9",6.56759128323756,1,6,1,12.7030143857544,3.9338523076315,30.1469856973889,-2.36192352031416,9.44846084981655,-2.92322927182855
"10",8.34163606632501,1,7,1,20.1804349643857,-3.30926618289859,32.1833448357202,15.5854691518218,17.8460032026454,-3.26712666805561
"11",7.66278484370559,1,1,0,6.10566466619544,1.04710818513612,25.3828089018232,2.48707134950427,9.48810493050559,3.19392575014702
"12",21.7222607403528,1,6,1,18.9449673781786,7.68107299045998,58.4587610672923,22.1438762865271,34.1408791629118,-2.36847939859908
"13",22.0473112480249,0,4,2,17.677018048564,6.67604865198544,13.6659927962688,29.0869630763427,35.0474051264561,0.109219071721755
"14",7.66139473416843,0,2,4,10.2059793928917,3.35331159456274,10.4660467972981,29.0001168735176,10.5007670473958,3.16764784584968
"15",3.63477140199393,1,6,2,17.3644569758787,3.04498382975856,24.0405572407658,17.0211924496138,9.70451111165691,-0.881524146858402
"16",7.30302248848602,1,6,2,17.8560350492109,3.53014185192436,28.9776473049502,19.8573339561506,16.8359488787238,-1.96464575131651
"17",10.6463601230644,1,3,3,7.83627982584456,4.5802513212945,34.2184423806668,26.5714775449762,12.5466403814851,1.74731555691577
"18",5.22502338280901,1,5,3,14.8077687953016,-0.1574396843321,24.9862822141016,19.7863054729723,7.3982352479141,0.26858535105852
"19",10.5446271365508,1,7,2,20.0369410927685,1.09289094479468,38.3728132473016,20.0075172443133,25.4531622408332,-2.20728225596175
"20",17.3632334684953,0,6,6,16.9505844481173,2.12172342945198,13.6251275144122,62.9457094104464,26.967636869311,-0.381799136396654
"21",19.1828943206929,0,6,7,18.9852242350954,4.9076873382861,13.542189664123,76.872526185998,28.4508008598179,-0.377116054910205
"22",14.2782228183933,1,5,5,13.7000278210417,1.68573997783463,42.5959747906406,53.2109738324817,16.9403038991727,-0.983827396900148
"23",9.95799185475335,1,6,2,17.3791548248413,1.58701326588457,34.5742888122725,17.3610908761791,18.9978437399428,-2.21588010149271
"24",10.1247455691919,1,4,2,13.4324069387459,0.0432164133623467,32.9848508414263,15.1613182557913,15.5902392301666,-0.620802908348185
"25",6.18237507878803,0,3,2,12.2620025870923,3.1125685737089,12.0823797087556,13.0101283338638,11.0173303854183,0.930902625025377
"26",2.67211219761521,0,3,1,8.63383620144488,1.18565913478822,10.4368136514328,8.84178841121109,9.55221585254483,1.84166463713264
"27",12.9467238846701,1,4,3,14.5743193512277,5.61934092453166,38.6234228579324,23.9485152169444,22.1764726978707,0.0737641889791941
"28",11.8671177129727,1,1,2,0.507482774202729,0.803717622099307,33.3770506264198,22.6830736935172,6.31351305813312,3.40274421764933
"29",1.6660992638208,0,7,2,19.2000460204912,3.25071454318417,16.7349359227381,-1.16442047733059,14.0376017099226,-1.95317342114035
"30",19.4762564788107,0,5,3,12.1302923704199,3.22543186371787,14.0580982540511,33.7225765349652,24.6074188065152,-1.10360796494512
"31",13.9007001242135,0,6,0,21.1588963547714,3.96396004943124,15.102175875186,10.7037196384844,26.6632282397772,-2.2957904372161
"32",3.91292458516546,0,5,2,14.0141564498183,1.38102710934954,12.146368825455,11.5359104920609,8.9731336603937,-0.559078786036184
"33",6.94776620948687,1,3,7,10.3624361810364,6.73276407545337,25.7830092265967,68.3421116867292,14.8458815866741,0.775176395353703
"34",24.7384248767048,1,5,3,11.265603751915,8.00217760114495,63.8195636681298,40.6901668362935,29.8404278221945,-0.697559499202977
"35",12.1030084497761,0,4,3,8.73568877781521,3.16493407769806,13.9612053034037,31.1404463188194,19.2643340349974,0.480560839927561
"36",14.1650977893732,0,6,2,17.89817651107,5.95903870858887,15.7009102221766,24.5036595714262,25.4100906608393,-0.952357241617676
"37",24.8269201489165,1,6,2,20.7459176178629,7.62940294482452,64.5812782222008,33.7482287292814,33.1843808488382,-2.54851400054869
"38",10.9674983425066,0,4,1,17.2732153470045,2.37306146443866,12.031812022226,23.741233873407,23.49262081218,-0.210009542366535
"39",4.9171794031281,1,2,2,11.8655950692822,1.38128150618271,21.5701396740705,12.0577833262607,11.7478833650407,1.58043617640522
"40",2.51427030889317,1,7,3,20.5326645547955,0.744476646788466,21.6051435942743,15.5991386502387,13.715434010818,-1.96347405037045
"41",18.5486253758427,0,3,4,10.3618526400982,3.19159854834183,10.3130933842981,39.2533899798865,22.7560818084012,1.58187887706375
"42",5.03998727654107,1,3,4,10.1229199775486,2.31630132168764,20.804401957834,34.0869522449693,12.893103002965,0.155997070094617
"43",14.0583621046972,1,6,3,18.02697405194,3.94674966120614,43.7089183591909,40.630209115674,24.981856708412,-1.12175088658256
"44",4.67697707936168,0,4,4,14.3110227066376,-0.822182007942521,11.502250999715,27.5875432518017,8.23056963312363,0.451155099805601
"45",22.1638776361942,1,2,3,4.59825447795063,3.85654549903122,53.2593298467652,37.2559490882969,22.9629634460193,2.34920427617402
"46",21.0561224608682,0,6,3,16.7612012025332,3.42622672820359,12.5263140871122,32.3548665484637,30.0981575552517,-2.36544139422523
"47",18.9608055748977,1,5,2,11.8878526390117,5.09448369228495,51.7312398142414,25.1736975730057,24.3308966017984,0.510288711253587
"48",17.8109509812202,1,2,1,7.80637643585697,0.774745111686121,47.9701689490331,19.6695510139096,16.419005879064,1.91753715514537
"49",21.1147246765904,1,6,1,14.355559397971,7.79692535800081,57.9182783596784,32.3157740320065,30.0982471907899,-1.18573181113779
"50",2.02286507701501,1,3,5,2.0208746741545,2.4856806812924,15.5762176961468,29.9724429503055,-3.47658251479593,1.42104711143556
"51",11.9365700695198,0,6,2,16.8537852186341,1.50709148573486,15.2090623339915,20.9032643557555,24.29435361921,-0.246608727589324
"52",2.78349710279144,1,6,5,11.7210982485435,2.72814618889499,19.6125391765605,36.7091860434826,0.108130660677007,-1.51385523464604
"53",15.7695573638193,0,4,2,13.2294548968051,3.42067694345024,14.0685839154759,29.4251875043914,23.5099655255178,0.17653298807624
"54",13.6192260368261,0,4,2,10.6306868537628,2.08893883565823,13.8738858418563,23.3568754672815,20.5441937410924,1.65036639184745
"55",4.35402242001146,0,2,5,10.4794257503539,0.650799167782905,8.98893922002868,27.3807054353442,6.68257108433664,2.18911328899215
"56",2.19929403974675,0,2,2,8.49145133246792,1.5211930024528,11.1400172723823,12.7574104926415,4.52791287462012,3.52257167710569
"57",21.55168557656,0,2,6,3.92934562045579,0.639674303443801,10.490367792787,62.9019857378681,23.2755943609505,3.67842887939959
"58",18.2644199347124,0,4,1,17.4724012801036,1.5635828683003,12.7275914571004,30.6354229082681,24.5834540916206,-0.175887156237163
"59",7.80105643207207,0,2,3,1.34482792153245,2.50852587651648,10.2356773978019,19.0115859186281,4.02763371004421,1.44288686774534
"60",7.75763223064132,0,6,6,15.4893452358573,2.29880601561815,14.7832258674655,55.0414745964026,20.4685447143572,-1.58781178563167
"61",20.1643108157441,1,1,3,4.25025959525374,5.84548942784711,52.0453764695292,36.1151789312586,19.0459011724689,3.11642124647489
"62",18.7558311386965,1,2,1,7.62766004291675,3.14097535969328,47.3344240489984,21.4631534052394,21.8936104492124,3.56988235990256
"63",13.7424376560375,1,4,0,12.0032411211689,3.68736780037846,42.0448521674187,8.14054698175549,17.5698281372407,1.52295110673932
"64",14.6861924615223,1,6,5,17.0395230195809,1.00794020150325,45.179494035102,44.8659603666108,20.5878459249547,-1.96361133931708
"65",13.4796253521927,1,4,2,14.3728545927785,3.87318565022191,41.0946441475558,24.0131982239603,20.9951918801949,-0.499919238655564
"66",6.34457394480705,1,5,1,16.5095580089412,4.00710154090786,25.3058303778013,8.51436946774248,13.2795684176107,-1.16430851663031
"67",24.3525076948572,1,3,3,7.73428034893625,5.50180363298367,62.3201509262738,37.0096478317676,25.2750433386547,0.561801616276782
"68",20.5373462405987,1,7,5,20.0079275950231,4.21298638726268,58.7462888822871,71.629055781046,28.3629521569083,-3.13166998272226
"69",24.7730001283344,0,2,3,6.01201702281832,7.61258223338066,9.89477438300904,33.6130500299607,25.880639110998,3.51833066916348
"70",6.98994510457851,1,4,2,12.5682446260597,3.43254559792516,25.7481196229164,20.707503119065,7.65871771759368,1.49353760294463
"71",0.541337748290971,1,5,2,18.9132300695246,0.448008512994965,13.1932346751318,1.28162449147598,10.9649165796478,-0.244601638285135
"72",16.1052446637768,0,6,1,13.4669318202627,5.06699027897348,15.3545780075478,22.9731235006802,22.1696985028982,-1.31322506318936
"73",0.701681972714141,0,6,1,16.5864643655234,-0.947214768617183,14.5435242213683,7.48688495344684,12.2262438938185,-1.19057055569331
"74",16.9557800632901,1,6,5,14.6710147105729,4.8351568384219,50.2949382148002,46.6672914715724,29.9879274894262,0.417562630053453
"75",8.61510682152584,0,6,0,9.76558774798387,1.35699408541039,13.9448592808913,14.101293161127,12.4452235188383,-1.43240235882553
"76",6.01060296176001,1,3,4,13.1938842852398,4.22817723597969,23.5870132924156,30.917353619403,15.1517231219853,0.46516367014252
"77",13.6314100585878,0,7,3,18.8787204294081,3.02975565841153,16.07148468581,27.2997217888514,20.1105983785502,-2.56922307774174
"78",2.980551274959,0,5,1,19.4954812620195,-2.20251810630205,14.9747657696703,12.3371327775067,16.3848902291662,-0.346794206820953
"79",9.51379390899092,1,5,1,17.8279098319333,2.3771191692676,34.1250106594241,13.8958841378435,18.4946049502782,-1.52019441330867
"80",3.8905828318093,1,2,1,10.9226502509604,2.80731024690454,21.6691331785626,8.18156056255209,8.4537452865917,5.92708366534105
"81",0.943515816470608,1,6,3,21.8809985577012,3.35441327113701,15.6941591851471,20.966323221035,15.8021570057412,-2.02707748970582
"82",7.4219967413228,0,2,3,6.28760320170479,0.49972748102599,11.2791437242446,18.6054356729514,4.10757214344997,3.07902367192467
"83",1.52750891284086,1,7,2,18.1141914276622,-0.242617707876903,18.0327956754058,5.9580445708583,13.4780467803099,-3.0656574358201
"84",2.21643155091442,1,7,3,19.2870082389573,1.21820724474271,19.9914889301598,16.5816987013968,10.6991491069201,-2.76928258373615
"85",1.66741933207959,1,6,3,18.344040771884,-2.90420054968612,18.5728879224074,20.7536560601444,9.43855465548296,-0.728008325630228
"86",16.7676595039666,1,1,4,8.68896291328147,5.09858480388443,42.4610286841979,43.5323299153217,18.5007624242303,3.83218856343467
"87",18.2076997531112,0,4,4,7.83484138672041,5.03204092041184,13.5181745518249,32.5910878276234,18.8233218140218,-0.596268825778521
"88",15.2386698231567,0,6,6,21.7753496547304,4.56718335875219,13.6408339229126,58.4966004771244,27.8628350533047,-2.39652842267583
"89",13.3447600528598,0,4,4,9.30804842207175,0.783065432641141,13.6425414409991,30.4439419512457,16.9248779931219,0.782504690572715
"90",23.5634404001758,1,4,3,16.0462635849655,7.81793398442057,58.4602475209372,25.4367821461939,35.2391168580714,-0.133850305809014
"91",1.08030759729445,1,4,2,10.6754584934587,4.67409148161405,14.7151445023173,3.17143371383996,5.86639236976856,0.377812192691461
"92",21.9156784005463,1,2,1,4.94821503345672,5.63929226890345,56.1208156023284,15.8885415693571,15.8579606063851,1.88191815428493
"93",2.44937942479737,1,2,2,7.39414099847064,2.90262586905028,14.6867820264403,0.551682402962797,11.338552426815,1.75146003672417
"94",23.1807853619102,0,1,2,-0.236388616789425,4.38646452484569,10.2830021441865,26.360981676021,19.674175493883,3.13281105424938
"95",7.35109224333428,1,2,3,4.85803393725954,1.39217494820243,25.8943040443898,19.5001476650635,7.53881690554577,1.77424565021995
"96",12.111155356979,0,3,4,13.5534735363348,3.20449153254062,11.0375837072831,32.5195757830036,15.10824281883,1.58081375293746
"97",19.5437149843201,0,3,3,10.7432916591979,1.84811806050256,12.263821543143,36.7304770092908,20.8074508901912,2.36823803073811
"98",13.9133747608867,0,5,3,14.9803763827345,3.306110818145,13.8451938970186,39.389584835642,21.4135378910776,-1.53877664388779
"99",16.7360136052594,1,6,4,11.2309615519129,3.91566440470554,48.2261418209567,43.5799559776064,22.8575671038208,-1.71748955731578
"100",16.4557809184771,1,4,2,14.2552495739091,0.590186908109276,45.6936390958579,16.6219209855325,25.4677612535346,-0.783931458311047
"101",13.8496095198207,0,7,3,22.1714300947173,-1.56427468256334,16.3398009503467,35.1018441973092,20.7659617243742,-2.71381039828408
"102",4.79523195535876,1,3,1,9.59510241419663,5.19641473764075,20.7967567371535,3.87063933041361,7.98747640875646,2.95083938453276
"103",24.7663871035911,1,4,2,4.85464898961903,7.07516430957136,63.9706642750148,35.1177362612579,22.3259293541233,-0.0731749711250704
"104",12.3990630789194,0,6,2,15.5360685317583,-0.0271737911652483,14.4119499970488,12.0714682223515,21.7418424615837,0.473917862817611
"105",1.7750738246832,1,3,5,13.2400251769593,1.20316538970567,15.5501873059348,28.7428464236456,6.83011345993881,1.05895711771877
"106",18.6179466778412,0,6,1,17.923484275581,5.13478437381679,15.1608122534399,28.9524581875031,26.6273501929093,-1.00945135400616
"107",14.6560744498856,1,3,4,9.26744869815043,4.32130029068492,38.9431566670174,35.3590449516626,11.5280248006071,2.5348738480998
"108",13.6755872401409,0,7,2,21.4361691687042,2.68260670183712,17.156794077033,22.7267598696523,24.8521435193369,-1.66433280604576
"109",0.382500782143325,0,5,6,13.8207105300521,-3.76966689157125,13.7294148138981,40.3892949978944,2.55823008913256,-0.221246201089641
"110",4.70138125238009,0,4,3,11.7257610940503,-2.67008705535439,13.9285614510907,16.2206847109042,5.52194159290872,0.358904231922806
"111",3.76028192113154,0,6,6,15.6507311693726,0.124845377514859,13.0353756720834,52.4602127466892,9.93454543273179,-1.9675012885489
"112",22.7605384832714,0,4,1,5.68498442962319,3.78840133407175,13.0674298040034,22.4816039976823,24.8965517750965,0.0772671204657359
"113",22.5637104013003,1,2,1,8.52558338365655,4.84524652412089,55.2457246669036,17.1285527886672,21.8700919909891,4.95404417934469
"114",3.24329560389742,1,6,5,21.5500897999216,3.19973124470075,23.40789501843,34.5553259525267,12.6019492143894,-2.13485930444094
"115",2.76143332011998,1,7,3,19.0537720026985,1.31813696628733,20.8619145719308,13.6688699693214,11.2718138650073,-2.5215466053337
"116",24.3946718110237,0,6,2,15.6103854764347,2.40684848167608,13.7779135597642,26.5921403197001,33.1043195570912,-1.95947730228903
"117",20.7788078696467,1,5,6,11.8801149256162,2.98696597386983,55.3203006434824,61.767040670068,28.6980562836716,1.16486119132043
"118",6.69191461056471,0,4,2,18.229879622053,1.31396400459467,12.9616010602985,6.49194319934925,19.210212521179,1.51532152889176
"119",7.87733538309112,0,4,3,11.795629457772,-0.692818771355756,13.8603201050627,24.8112936371338,14.1234398489306,-0.45293407966545
"120",8.91752280876972,0,2,8,14.9699627432519,3.86672898068217,10.0798498459176,80.4965804595718,23.8762902143175,3.59264562482975
"121",18.0314068740699,0,1,5,1.09298086572284,1.69340091820562,8.30542830705182,58.485461293862,19.0558351178928,3.47847089231037
"122",11.7100831354037,1,3,2,6.30275479851915,3.99293583478479,36.3286877706501,26.4130896809356,10.117850219932,1.04567697981577
"123",14.11115276278,0,5,3,12.8869971946179,5.08242612139463,14.9766721720672,24.7995337180307,17.7312875290669,-2.30403129444767
"124",14.9988416931592,0,2,3,7.82724128103216,4.47367213931596,10.0986320545741,28.2773885827311,13.7735160972886,2.44472072753032
"125",20.3392058378085,1,7,3,19.1356186892564,3.54515598382611,58.1929757096311,35.4903362469294,29.0090789511536,-0.618478349144525
"126",7.88095032330602,0,5,3,7.73390798846589,-0.67339743927612,13.6981874384655,23.7681714629871,12.213167466368,-1.00881060145758
"127",13.266450422816,1,6,3,10.4910947720247,1.48105587871156,40.5961885277824,29.9603469231749,21.9351436698775,-2.30902426273094
"128",11.5939752780832,0,4,0,9.24839751176178,1.61620525199395,12.3855215886192,10.5798078453753,12.7028790985038,2.02356040295486
"129",22.7977351809386,1,2,3,5.47432904403741,8.81718155230664,58.0374091021457,29.7581512766606,27.3827038012014,2.00228262054031
"130",10.9819958684966,0,7,1,17.8529506881924,1.38961719104706,15.4398617907009,11.2654053090116,19.1213100482374,-2.89900686962449
"131",17.1360674779862,0,5,3,16.0030523188252,1.88941700562855,14.395792476651,26.1451761211034,19.7763870292419,-1.41117110957853
"132",3.80860698060133,1,5,1,12.7663006735745,2.75819876310211,21.095960632465,3.73213087563531,5.16418230891904,0.12201499618364
"133",16.6372519743163,0,5,2,8.32635764822038,3.95640006726035,12.5770333432241,28.8602726296807,14.874791659348,0.210851849082063
"134",4.96158807072788,0,6,4,14.6214871596688,1.93257621830174,14.9391396826314,23.2991090460661,10.5122351729479,-1.3412695257058
"135",10.8557127532549,1,1,2,-3.82448818927915,2.24897867404756,30.9635405258983,14.5561291932571,5.16677192281649,3.32191564577282
"136",1.90301135880873,1,2,4,4.16572032331932,3.34320949384216,13.2754775242539,26.6185439217691,-1.45399941507289,1.65051900597061
"137",1.94761627353728,0,2,4,9.0308000702014,1.6335020833709,10.7867419595299,14.4576679686619,5.21710408360301,3.18624643598
"138",22.5745579751674,1,1,3,5.94421546736663,6.55076239196318,55.7389236710885,34.8766561158252,15.5631988565966,3.3019148270951
"139",20.2867258747574,1,5,3,14.1335778039046,6.41622764424111,55.8210338063583,25.5935089546123,25.0992802285162,-0.41330534191716
"140",20.7351684221067,1,2,0,3.7074197559103,7.87842900883187,52.9748769968835,30.3342656051399,19.9725978263178,1.80099979288129
"141",23.0845928599592,1,2,1,10.4443927563668,7.98733862856498,55.8901166345647,27.2170878671703,27.4541377445242,2.73455058164762
"142",19.6830657252576,1,5,4,17.0625512462897,4.71212872060969,53.5161979634834,36.1252171860169,28.3228180556894,-1.6592842535718
"143",6.40313412295654,0,3,5,13.3052562081695,3.14070931098303,11.0971550562065,35.7651815495402,9.67096359810488,2.0548404461582
"144",9.0811489673797,1,3,3,11.8887998331947,5.76067771281994,29.2883203830827,27.5108193095835,15.953302430186,1.88963257806857
"145",4.91946663241833,1,3,5,7.12416610074541,4.99359276512146,21.6055242863856,35.1979012407213,2.17265916234256,0.849253753867091
"146",12.0432027091738,0,1,2,9.19243806829784,1.75180943754932,8.77936026867269,21.064189156559,19.0732724022191,3.48972955377517
"147",0.633161561563611,0,5,1,15.376437784922,2.90126514630189,13.5628660387773,4.32546827510477,11.3907164634295,-0.683363420355088
"148",2.40904744714499,1,1,1,7.96978098749618,1.06123958350981,13.5808881512449,-1.20319034344707,-1.84957033123488,5.40361670634997
"149",22.576313233003,0,7,2,18.1133885355971,9.26444623828314,16.7345189356169,32.9814507460721,29.1115878422324,-3.91819499140004
"150",10.6353083392605,0,7,2,21.1572644936187,3.68203970244263,17.550254650617,15.8831182950868,24.4453890543573,-0.291586282057487
"151",3.17862831288949,1,7,2,21.2656897665141,0.885383316451238,23.0012067046905,5.59642613291599,17.9713301542487,-3.4469889665433
"152",14.0732294530608,0,2,5,9.04329656592202,2.04681350270217,11.0008594778466,40.5161247180105,16.8297583902563,3.78467244338515
"153",15.551593125565,1,3,0,6.47495468648707,5.34854476819596,43.58338167133,21.5796860935726,16.4154221261711,1.70274882886336
"154",11.6766582126729,0,5,1,16.0829536942419,5.57098915358949,15.8513808002717,14.8180358387759,16.9776382937618,0.121609964552747
"155",24.5562039257493,0,5,3,16.9725090331082,3.5377209297525,14.5607211267636,41.7836682461952,40.6890603291443,-0.378093687244895
"156",18.7720146495849,0,6,3,19.5364137264113,1.00572630547656,13.16146894628,31.762218488158,28.6145583942623,-0.0304037143342198
"157",23.7677150580566,0,3,2,6.52114392989095,5.38821378110714,12.3358507174686,27.6745874175268,26.664934038781,0.495731851601333
"158",2.71369505207986,1,7,3,19.2163933788184,1.0880891212647,19.9090965948759,5.38977380573889,15.0797610587738,-1.94675233974708
"159",20.6090242310893,1,6,3,15.1676486200847,8.01039983518363,55.7743508305189,37.4290387594701,31.1294888337269,-2.13980393845783
"160",8.21146775269881,1,3,7,4.32579183622279,0.204167847202101,30.4083589936601,63.8700479754226,6.87315625719908,0.0992889099532592
"161",24.5361961016897,1,7,5,21.7335428545199,6.36897231126371,66.123979836306,60.007156015888,34.8075506971823,-2.33034751676012
"162",0.593926868168637,0,7,3,27.3617148047507,-0.205838015897896,14.7774990395393,17.1342031708062,10.9155832988458,-1.52356093033931
"163",0.257976161083207,1,2,5,8.64436946585979,4.5704840132534,11.3184882922042,36.8273736674314,3.61547622359083,2.84145879368669
"164",10.7295280438848,1,5,2,14.0184453641741,3.52081761531619,34.6515434671659,19.6528834634706,18.6134524622313,-1.05644545207208
"165",8.1360221025534,0,5,1,10.2318866604159,1.04775643090526,13.4228488023164,16.2814928563337,12.1550469000807,-0.820171864994454
"166",17.8261718538124,0,1,1,2.93227034231339,-1.21872687393899,10.3953055936012,21.0657321915923,18.798364946468,2.0989844985182
"167",0.931578263407573,0,2,6,8.79790026794011,-0.0495651125364276,11.1169339116405,41.5232274229676,2.00326466532,1.34839763691025
"168",21.8070324452128,1,2,1,5.9365667083732,5.59794283726434,55.077189885779,17.6694609154038,16.9136857508274,1.164696060611
"169",22.9167279554531,1,7,1,16.345204364761,8.23376679896447,61.4976133199167,29.0525346613064,28.6789144830731,-2.26167433328618
"170",24.3132501433138,1,6,4,14.5157227295936,4.52945958659925,63.1477242251824,45.9804344849713,30.0353667829968,-2.6276937478287
"171",13.1724908191245,0,4,6,14.0040701596739,1.41006897392749,11.2095864273337,58.2206331687222,15.4815251704521,0.472063131312032
"172",21.502363862237,1,4,1,9.9464965013507,4.17123446541478,56.4849632140143,20.9977769881908,22.9271329449064,0.055258279822045
"173",20.3676164266653,0,2,4,1.56089959174584,2.17062021945574,10.7568691659977,40.2086029772466,24.9929008282461,2.12851470442982
"174",7.50386064173654,0,2,0,4.45735776792037,2.2983102394305,10.9017776547822,3.44522995286185,8.28133926678905,2.96283969887251
"175",11.4148500899319,1,1,6,6.01841299774199,7.50916982004232,34.9434075839266,61.9954493099631,15.4244841641446,3.64983282386661
"176",14.459513372276,0,4,5,12.9846605242722,5.67345415891226,14.1033779441231,49.2419719345654,19.8996046474462,-0.36773115851776
"177",7.08418213180266,0,3,1,12.8521314642355,2.6936702697383,13.0967539655338,5.72810819244925,12.0085613262583,0.382280917850956
"178",16.4746935071889,0,4,3,11.0829888966916,5.50337753876776,11.8081758232311,31.601084610078,22.4262163868967,0.446657972382214
"179",15.152951941127,0,6,4,16.2483490785815,4.49287003914242,12.9070282680375,36.3897098034292,26.4197313116419,-1.63641378440526
"180",7.95039533404633,0,6,2,11.416664787913,1.60730101897568,16.5960488236423,14.1737660877976,12.7248403685518,-2.20619849319165
"181",11.8763065256644,1,4,6,10.1118655793002,2.64452692992303,37.4071856694188,59.3241330717288,16.0157415646725,-1.0996234724768
"182",8.12905528000556,1,1,5,5.19547149615119,2.98309852361929,25.5984645552871,43.3512438977449,2.2008414818745,5.32378704451521
"183",24.7739766549785,1,3,4,15.6635267762465,4.39574872291044,61.9842735055479,50.6723747689979,34.7679293052175,2.14556692085347
"184",13.3154170121998,1,6,3,23.6823405173365,6.24364588058198,42.175174510255,27.3013890039728,26.7802508414109,-1.72030473508491
"185",8.51094586541876,1,4,2,12.5619796131094,1.84318345972164,29.0354668646062,14.5194684801991,12.1902621638204,-0.0238664275715597
"186",17.8066340333316,1,3,4,7.96983951636942,1.20492423862305,45.7694539308726,33.0847090712977,25.4197945893383,0.596643358667949
"187",14.8516599554569,1,2,3,4.25277166607887,4.24862712861029,39.3856331053929,26.970183674164,10.1731818684066,3.3435722185677
"188",19.7779876820277,0,5,1,10.4076384349443,7.5552882102997,14.8996829233263,9.73547913787722,24.6620352042158,-1.02801644233905
"189",2.28033988387324,0,6,7,20.6239284097959,2.31779532909325,14.1058859582837,68.1652244431929,14.9163795481613,-1.65894550758993
"190",0.933695957064629,0,3,3,2.70124228585129,1.66955618747008,14.2947999240783,21.6138257368706,-1.53041183766208,2.44258181142
"191",2.18471457483247,1,2,1,4.47720902765461,-1.0229843026458,15.7682599587043,10.6381193125657,-1.78464451442711,3.08034354517618
"192",17.966265004361,0,5,3,14.9036802899733,4.85984808843495,13.7390232399922,36.9218177223558,30.626801587271,0.887759618682126
"193",4.53861856367439,0,7,2,20.1713560031228,1.41005252331276,16.1112769172058,16.092942454637,14.9844948176376,-3.27115904225914
"194",19.6147280687001,0,1,5,0.233819913283827,6.77037327788495,11.2074596781578,52.3004780489149,16.5023806635725,2.85478153737988
"195",13.339126954088,0,6,4,18.6996918857233,2.59117172283875,16.175830501732,30.4065397545106,23.672126608428,-1.5173499016596
"196",5.08469486376271,1,6,4,16.0517786600544,6.29152406281596,24.8176337905529,25.9832700972234,19.7065332952352,-1.53591177951401
"197",22.9657292249613,1,2,2,10.4201458647001,8.34958723865088,56.4598697293859,30.8985219149544,26.1060376577514,2.23953618312495
"198",17.4841395521071,1,5,1,19.9571471247472,3.0102402297875,48.1644635432432,16.7616039928404,24.6154895268513,-1.73458034663818
"199",15.9741103940178,0,7,9,19.2431834693005,4.61316265395456,15.1433298375256,106.709932837483,26.8895663523053,-2.57216733786836
"200",8.24449023348279,1,3,4,9.50534184165415,1.85192925194568,27.616449766389,35.3049448279839,12.1518785371271,1.38970156240538
"201",10.6155199988279,1,7,5,22.4147209790072,5.79230108746187,37.5646133335511,38.1412259135858,22.8802075770039,-2.24104801827822
"202",18.9983558666427,1,2,3,9.48965060251972,2.4627039240492,49.8948573588209,26.5663213166752,18.1100567989296,4.69005401101783
"203",19.2856065521482,0,3,4,3.00112439481582,1.97552334923065,10.8102272975799,34.9976379386559,17.2008196552189,1.38752592432082
"204",16.1581981519703,0,7,5,23.6999451256713,2.88878925263324,15.7323058239872,45.7386043964081,31.6913324252557,-3.02105221071177
"205",10.303970129462,1,6,1,13.1447243220499,4.6397455017974,34.4737269854276,17.6261957542721,13.377857204209,-1.76542072666484
"206",14.1040526912548,1,6,2,18.6456667455763,2.65288269068933,43.3278079456325,19.2285282620414,23.9571331113179,-1.59746587747309
"207",9.19647310511209,1,3,5,6.75800733761278,2.61286149224433,30.6696547074396,32.8685886616803,14.6848227981532,1.30834600853939
"208",16.2089654710144,1,5,2,13.7373068881887,2.81174443732202,46.5771022980485,25.1026567453727,18.3637099768243,0.556717425889155
"209",16.0591663734522,0,4,2,11.5152932878952,3.12324314835371,11.3756702266347,29.9378221109987,20.3918762759428,0.0434352297676727
"210",2.03398249577731,0,3,8,9.0855195836287,-0.464104993736596,12.0280307299765,77.4418504055908,0.43348856961182,1.28694684213254
"211",6.53990104910918,1,3,3,13.0154342147016,0.348288612863391,24.722056712591,18.8423358668175,15.0412907515664,1.14394310101258
"212",19.907973340014,0,1,4,3.13692443737142,4.92505902197221,10.1084133725383,42.0531615423004,15.3672193312993,3.88445972550411
"213",15.6035480031278,1,4,0,13.7889462067883,1.3402250761823,44.7373221245626,17.2995938418213,22.9433416071972,-0.0549268945564322
"214",22.2313690406736,1,2,1,5.08727704940002,5.42111065696628,56.5580133732515,25.5342685153237,16.9340603899031,2.01073941181395
"215",10.5398116400465,0,6,4,16.9569809671615,0.545294777959376,15.5911985662126,35.6216333288639,21.699689062949,-0.156743559875993
"216",4.5478583953809,0,1,2,3.95885491476141,0.961080776867119,10.3590815279413,6.59504925564508,5.26593683158595,4.22136620428779
"217",24.1575688356534,0,4,2,12.5739803141141,3.14082436332764,13.3873556645498,27.5166885974932,31.9279679014431,-0.233502068478896
"218",20.9311193902977,1,2,4,6.90009429245046,6.69371681032534,53.1415925684654,41.7940798038524,18.7295335173313,1.91326816479062
"219",9.98764183023013,0,3,1,11.9247477142465,1.63881114705071,12.6703352281107,17.0275959119301,17.9533043014201,2.22875644303583
"220",12.5871890166309,1,5,1,14.3089445524232,3.63945130534414,38.7276433376981,20.7526600784087,27.0809890875326,-1.00941022112513
"221",14.9316308961716,0,5,5,14.06545639074,3.53278094459254,13.6170068917941,40.7561498887913,22.2215830338958,-1.14583675002503
"222",10.7160454848781,1,2,0,6.75683421425855,0.585541345139394,32.4634910815709,9.94103662169482,9.43067103441909,2.57134893940003
"223",21.2714835128281,1,4,2,12.0951641951134,4.30449413629884,56.4649883617187,24.1277267634946,25.0632631163473,1.08711667121924
"224",8.20476746303029,1,5,5,16.2670134939907,1.6450878985955,29.5203499548189,37.0690666006139,15.4126449637078,0.248114245703905
"225",4.21350630931556,1,6,2,17.3010894423067,0.595806026238801,23.4748171807709,-1.86990587587328,9.7499776274496,-1.57967866114539
"226",3.70702756918035,1,4,4,16.2491093071986,-1.3218747202496,20.2025615055041,25.9480376794169,14.1774458235971,1.34080507246415
"227",5.15149947023019,1,3,1,3.96257366295048,2.72880411052153,20.9117357872784,11.8706664400736,1.29915529903878,2.62640586089784
"228",1.26507118111476,0,4,6,13.6602823024978,-2.05372834299641,12.5379823656014,48.4868075867071,5.8761833529931,-0.273891575512935
"229",15.6979139137547,1,7,1,16.1809748159017,0.206457465905832,46.4026723117549,17.2405160352872,21.7634186900308,-2.4219878411772
"230",10.6184351549018,1,3,0,7.55353883886368,2.04206907553176,34.4803313607591,12.0767465992131,10.6534946581666,0.566795444026686
"231",1.30932644824497,1,2,1,10.1206081838544,0.321392437813644,13.7186552189167,0.784624807797983,2.59984938800387,2.99716142790718
"232",23.2167586684227,0,4,1,13.2102841192643,1.5110171680698,11.9078961645549,24.9643368604426,26.4700773576514,0.0851852149881231
"233",17.2518120554741,1,2,3,3.13493784953937,3.44643344149055,43.509271402875,30.3892633414986,17.1305281557182,2.50653018575881
"234",22.4106673849747,0,3,5,10.0970946439283,4.75766781237603,13.8900084599492,58.8260399140769,24.4080938969243,2.93766513438908
"235",6.62455472629517,0,4,3,12.9960498967643,1.20405828104991,13.4956291902265,17.6317283167614,13.7489050582172,1.46926847372917
"236",24.3680531915743,1,6,4,14.1556199247531,8.70562820124444,63.2680109403801,34.0323629125698,28.7055950133445,-2.20704487013112
"237",17.2787076910026,0,6,3,14.0610854793336,3.54628473570547,17.1138773993109,29.8003362861289,20.1591642853398,-2.43796070830165
"238",8.79752336768433,0,1,4,6.49155072098747,2.25997591099396,10.5681529437134,28.4743669711632,8.15398005617118,2.79654022928677
"239",9.61125075700693,1,2,3,11.9260333442612,1.12666127908025,29.5078966528311,21.8915089403657,20.5333190048048,2.01740571643844
"240",3.66312209516764,0,4,4,9.56437845064554,-1.02569656369244,15.7035992836677,21.8195855985154,2.7450025653291,-0.182133077102137
"241",8.29901010729373,1,7,5,16.4180334430343,5.26399146432991,31.4733706534554,38.6353445260792,11.9137999917471,-1.97870946992396
"242",11.5647145838011,1,4,4,8.0676816756994,6.33728133403001,35.9093199596884,37.5259371953188,10.6908068427076,-0.0382450877803919
"243",17.4666225677356,1,6,2,17.2383629074433,2.31060873415014,49.5639222677461,29.2786323665786,31.7385518219397,-1.76896192992287
"244",6.93451615516096,1,2,3,8.8732481700064,2.9795364719345,23.867113608556,15.0090045778065,7.35480943381954,1.59811352788483
"245",11.7615666356869,1,5,2,14.8889044217349,4.2058021687358,38.4264292486273,14.3861764776668,16.2460364710063,0.203671023046441
"246",20.4512388852891,0,1,3,4.83960666635111,4.78029066881354,10.0745876622176,29.8200320390259,13.7867508230436,4.04548736141794
"247",24.1129712376278,1,5,5,13.1153051190456,8.50290690875874,62.8544485651712,55.1080483988594,33.515125614241,-1.63206692959135
"248",21.0272700816859,0,3,2,9.35300317478955,6.31139251108679,12.2165073418399,35.764693793158,24.8555422969623,2.12413878417496
"249",3.50913841975853,1,5,5,12.1111694085678,2.46561555496686,20.9371669162244,33.5118319206038,16.3937688491269,-1.02524183467833
"250",14.4387823936995,1,6,2,25.7404615428315,2.98716324237397,45.0282996756618,28.4207668960933,31.2321953594982,-1.71893174483264
"251",17.9732797609176,1,5,2,13.3696483929351,2.50606245946411,49.415353907981,23.8601208156342,27.0837125839667,-0.859369209120639
"252",3.95562928169966,0,4,2,7.81166419279406,0.468606276618849,11.5865541617091,5.71942601137902,5.48167792399697,-0.130789017542504
"253",10.8656020427588,0,4,3,10.3025684039493,3.8214384059174,12.4316980074597,21.2097279201662,12.7957303914397,1.50783446267897
"254",15.9017947036773,0,4,1,6.02186729950075,0.437215905286216,15.8431309550731,16.6013141201527,18.6554362995474,0.0391957960238294
"255",19.8711446719244,1,5,1,12.1547098880027,3.48875283322603,54.1345031609444,32.95951107142,27.0831664263829,0.115284495032236
"256",20.4777648265008,1,4,2,16.150463629436,3.03390407880685,54.948709243175,30.6994899786084,25.53697433635,-0.44204684572608
"257",10.6653556053061,0,2,5,4.85574317736963,4.83368769078748,9.54337317856123,38.4533351707178,10.1558979643483,2.32852876287129
"258",14.794884272851,1,5,3,11.1368133551381,6.76567385086945,43.4230823544728,26.1052521330719,21.7905984626564,0.163294091632513
"259",20.2027619001456,1,2,4,5.27837784958925,6.31944124487827,51.594639560485,44.0158832287224,22.4003369130252,2.85224337391724
"260",14.8133850132581,0,4,3,13.5232032400156,4.64037125145386,12.6874403287239,24.5360127782022,27.9000725252198,-0.08236791279004
"261",18.6148732667789,0,3,3,12.6476027391735,2.66501494828707,13.3385215315038,36.080605893732,23.0724584908647,0.716718186774785
"262",23.2835030241404,0,7,6,21.566054690039,1.6799749230199,16.0270287242028,71.4126749128858,30.7584290172994,-3.66625934006635
"263",19.3325858155731,1,3,3,8.2870390980067,5.8537705457369,50.9167956435663,33.9403415891553,27.8256909593651,1.35786170055866
"264",2.91301901452243,0,6,1,14.9219883853113,1.95118516476718,16.1862653226658,5.72405309865581,14.0637890547765,-2.83161935112451
"265",22.3734447732568,1,5,3,12.2507949261939,8.92171328219279,59.3540007596996,30.689371161605,26.2380688895705,0.389518676558315
"266",1.11740897991695,1,6,4,18.8016855830124,4.13580815690212,18.3614501496407,16.9963009055965,13.4862781077261,-2.12179615093602
"267",7.96157284639776,1,4,1,13.6271660717516,1.84050325073644,30.1188344104112,7.78449353635564,20.0289568276493,0.220646904164515
"268",0.235526030883193,1,4,4,20.1347416255305,0.533543734966501,15.2495178862116,21.9588088677498,12.6113176123554,-0.957430860643674
"269",6.27263066126034,0,6,6,19.6295606416145,0.248370979516713,13.1239623687272,47.4723028445056,24.8953086154438,-0.138933097156216
"270",20.0080422102474,0,2,4,10.0924636802601,2.36778875584263,10.8927273238342,47.4152067781966,19.8379101519783,1.72339117959461
"271",7.62432467890903,0,5,2,14.1605364332959,-0.00808304767424728,14.4825186438791,8.27374395046564,15.2291266982654,1.10739599018091
"272",14.5069920574315,0,4,3,5.46250911829633,5.82966506824281,13.1611420363469,25.4581904944749,11.8080763146865,-0.889527028664182
"273",10.6051268230658,0,2,1,11.9017443070628,0.0379936534657221,9.74972833068599,8.02739615452397,12.1269451100809,2.86437008308186
"274",1.41751180635765,0,3,2,6.89530782414443,0.522522349004694,13.264454379269,5.30158197040931,-0.735404405487528,1.22940783737628
"275",14.9966147495434,0,5,5,15.8104920974349,-0.13241979184857,14.0659471431558,36.7995439495637,21.1100469772227,-0.823435971269037
"276",18.6259626236279,0,6,2,19.7043769537239,2.42703368834847,14.5436197426301,36.3468680672704,30.0015533576917,-2.00035271703937
"277",23.6971382284537,1,3,3,8.38757538222398,2.84450886795447,58.4460185140379,34.7355899990413,25.3268992622984,1.37154050998942
"278",1.34795150370337,1,6,3,14.4418504604049,1.96258819377666,16.9150234305864,11.1470516388329,11.6167655594256,-2.45971678832531
"279",8.8584371143952,0,2,3,6.02865752359925,3.5445977972316,12.5195884897397,20.4249925855662,7.63537083177933,2.99464115540688
"280",18.4242174611427,1,4,3,12.7551738143823,6.44193926058443,49.6000126766193,24.397373269312,24.506069126255,-0.519259675511774
"281",3.77851068624295,1,3,1,7.84058308183857,0.513235896894352,19.7929416337721,11.9187004655991,4.47533335613326,0.723777037460777
"282",22.4151466158219,0,4,5,15.2213154689092,6.5836953142511,12.0063777270719,54.0470891223637,29.7578729426709,2.20015847726383
"283",18.9993966952898,0,2,0,9.64201717922851,3.02775419172139,10.8092227109435,18.244353360172,20.0395711537629,1.43021524842299
"284",9.4632436579559,1,2,4,7.14345633033268,5.21410828591936,30.2989742245581,28.9544395544184,11.1674819193276,2.35838788565098
"285",7.62586354394443,0,4,3,10.385878300553,2.05378875545498,13.0769714665124,24.5742695662955,13.9061900839124,0.745513218932286
"286",13.4126223216299,1,6,2,14.4737040671302,5.49436980233892,42.3349926523719,13.6148326436442,21.9927520042301,-1.62591005617632
"287",21.4104606071487,1,5,3,12.7126397552931,2.35449411205786,56.1423921753474,30.2339524412603,24.9803939678918,-0.770085143669283
"288",4.20673783519305,1,3,1,9.7229759863094,2.81793804798062,21.0709114730727,9.46168091397987,9.23925607187822,0.83435967184442
"289",14.7348388680257,0,7,1,18.7146513404777,3.95074127172971,15.4817224381782,21.9581407401212,27.6795237402474,-1.86852726726567
"290",7.00240486767143,1,3,1,12.4894216934489,-0.204926659426007,24.9836636512583,3.23611263453664,11.2455694893633,2.14223704112573
"291",21.456197462976,1,4,2,12.9490933281535,6.01045749478811,56.7062686686979,23.2215721468261,26.138519822884,0.0375833713405058
"292",12.7134952170309,1,6,1,14.6156912045538,4.98215572066895,40.1206056600216,19.5839017528439,19.9155373737714,-1.50286443704719
"293",20.2962035546079,0,5,2,16.0120193994407,2.64245346948513,12.5333150667742,26.5467365723159,25.5184943452973,-0.737035184781284
"294",23.0755239026621,0,7,4,17.6888996297403,3.69515113896071,15.399537078129,35.3515384109754,31.1129626124334,-3.16766044983635
"295",24.3868564954028,1,2,4,8.96169582631734,2.91193303790663,58.0217053213504,55.8735196006197,29.6714257147069,1.86347294404188
"296",2.37333147088066,0,3,3,13.8724929990551,-2.97093904222468,10.9250339394097,15.6053259430067,8.1897964554473,2.01871353593756
"297",2.76357445982285,1,7,6,18.7300458978124,-0.361169085908629,22.5170362521793,49.4670258746156,8.6287229770707,-4.07007720993544
"298",2.58325337781571,1,4,4,7.06942553242794,3.40501069094058,16.8031429611325,26.2374233981849,1.12615290346663,-0.430488733545378
"299",6.59948274842463,0,2,7,3.83747002441493,0.422429183537895,9.95924359566864,74.2599766994393,6.94983154388504,3.76941540525584
"300",19.4843471690547,1,5,3,14.3671383280263,5.57250685630189,53.5107666929822,32.0644764594564,28.0464128070695,-1.18799660898137
"301",17.3613957245834,1,7,3,18.617374024099,1.54876289323366,48.9461611916556,36.7978363150306,27.9658899464948,-2.93618035896059
"302",1.59191829734482,0,1,4,8.33886420930319,3.18029608279969,10.3341612784637,17.0121113816113,5.86796654973823,4.18607758186162
"303",17.7968547155615,0,6,2,20.8676451025357,1.80556513252055,14.7915713565557,16.2052745283857,24.8061855412953,-1.6305310879581
"304",16.3974069873802,1,2,0,2.67054243486475,4.97175960657379,43.8626255205572,14.166532514257,13.198147850975,1.55855885597366
"305",23.3301055966876,1,5,3,15.0695833050659,8.89534895406777,60.7915234446819,38.0751161133486,23.7285506210982,-1.3742378018668
"306",7.54139173659496,1,6,6,24.5728845779213,4.42845339147514,30.5481689803065,48.9932204545661,22.9101107309377,-1.79312933230437
"307",6.14220737479627,1,7,0,21.0837906823516,1.10551190473673,28.0284659279183,2.6126485749997,22.2646200783774,-2.52935320186392
"308",16.3122885627672,1,1,2,0.254696279268096,2.94897777003433,44.1495908378791,25.8204917101295,10.6870916981247,4.09244986547627
"309",23.581409198232,1,2,2,7.88178724214482,5.14193674030119,58.7172811739189,37.25163748141,27.7345381759913,4.73306668075292
"310",16.0282198514324,0,1,4,3.90803866846749,1.55198392558339,8.75574536380949,39.1675023361395,12.8172153833637,4.19944510957358
"311",22.7131615101825,1,3,2,12.4081809659033,1.27162424342189,57.6515729158336,30.9636721744167,32.7684086094008,0.432321731896826
"312",20.0276032788679,0,4,4,13.2184931102275,3.50271977849973,13.1295297415285,31.1307199872529,24.1572022356588,-0.116686130607282
"313",20.5041473614983,0,2,3,5.58797119170622,5.17679576394647,10.7583480113384,32.0601450780882,22.8932972536638,4.3058578367745
"314",9.4536661519669,0,6,2,15.0405913389059,3.68275314618771,15.729940299288,12.7050606871928,14.9682304284185,-1.54758376551992
"315",6.72256799298339,1,3,1,9.03698110876181,3.49330210472457,25.5183627349995,9.37353748435952,9.1534460086562,1.05098394255639
"316",14.5818056014832,1,3,2,13.3217198830122,7.2558319113574,39.6834220321178,18.5833888972026,18.0991796544763,2.93342898887133
"317",9.30214575491846,1,3,4,8.62836871503099,0.411703971228906,31.8648343143235,25.5160413756671,12.9666276769406,0.899702214031172
"318",4.21448192209937,1,2,4,8.40213265042008,2.6336052181163,19.0371735317535,27.9965745779385,9.08155783237545,1.68635785835549
"319",6.28071908722632,1,2,2,12.7839113461225,0.414340875451857,24.2047333397642,11.8655747249846,4.03156652420118,1.41188526571655
"320",13.9860229450278,0,3,5,10.2546892910882,1.52508986059946,12.2044541408933,41.0941805292965,17.4341902737435,2.30584210225947
"321",8.48942346638069,0,5,1,11.8541132549028,1.0560724927974,13.9470728936241,10.2244473003927,16.5724499196686,-1.66654869780942
"322",2.98249282641336,0,7,3,25.3013219846709,-1.51893229832942,16.7262001979361,8.19103361679494,22.0353323120474,-2.66094067025865
"323",21.5523937018588,0,3,1,5.35134485712711,2.98116041640963,12.2010922694953,24.6708437788243,22.3861347751023,1.40638693865037
"324",4.61343036731705,1,2,1,3.44281246928898,0.699086528349538,18.3577828718356,9.32726556994395,-0.502900953121639,0.64068252431609
"325",19.5714864181355,0,7,1,19.4724894461117,2.06375943280362,16.5637149524424,28.5496841194874,30.0898077119835,-3.04998307677674
"326",4.63351428625174,1,4,2,10.9986381463537,3.29914559358308,22.2613533277052,5.00507826192414,14.5975518953971,1.33021691635291
"327",8.87738445308059,0,1,1,12.1054652654365,0.194758782914707,9.85289650864314,9.6474333870824,7.70456821597942,4.26947866849784
"328",15.6562941789161,0,3,3,10.7804101836883,1.49385576581368,11.6896968453303,33.3624488760831,19.0446121205792,0.648828155194018
"329",6.54909009463154,1,5,2,11.5630219491802,4.05860384087662,26.2082788635414,13.3830706087617,15.0779127052677,-0.948120137143117
"330",16.8102405150421,1,3,3,6.89704944186493,2.82783336299132,46.6830016499536,35.4756304641607,19.7545571396233,1.91376011861543
"331",7.1721910731867,0,4,5,6.82012567543404,4.13266348648756,14.0684441819526,32.7275584186843,7.16500442866456,2.13483836511377
"332",16.3255670398939,0,2,4,6.00133834165772,0.69006608891017,7.59782237613734,39.3841759122927,14.0164031248485,2.00069678125598
"333",8.16142344265245,1,2,6,8.00318315222023,4.12535719873448,27.7511070416777,53.6063936291684,12.5868333375322,1.47948486023435
"334",6.18170169764198,0,6,1,16.8950541078784,-0.175072043332011,13.9946916082468,11.0293954875328,15.2567443274654,-1.66139094767312
"335",1.40138801070862,1,4,0,11.3449268816157,1.17511056700771,17.7238113368726,-1.89876983891421,4.38365684723602,1.20870210287047
"336",15.7887085981201,1,2,1,11.7784249794119,2.73966832334716,44.2778688306529,14.5716774552291,19.2988475174189,3.30316496178836
"337",17.7251669985708,1,5,1,18.0968822105481,2.53543102754692,49.1875870798944,9.33241551335894,22.1625477682281,0.434909143084906
"338",3.39531025965698,0,4,2,15.0000416824461,1.57131900481367,13.4125794580476,12.7230606569586,15.5726050763112,1.33011011913634
"339",12.4769035552163,1,3,6,11.8396490802013,4.12749514972594,35.9274663618871,47.5833390289077,17.0730445445087,1.41427755891283
"340",2.47373523889109,0,5,3,15.3886526559149,0.13294653647794,15.1717145325522,7.89341987589139,8.93562453405735,-1.1851899073436
"341",22.5716188026126,1,4,1,11.5339478263371,3.89214233586467,57.4200318844736,16.0717960335962,23.2430226073604,-0.40957042894791
"342",6.62458477308974,1,2,6,5.79523130825327,2.95083730402499,25.7180827886184,52.1388917973412,7.01568657942876,2.02580330208249
"343",12.4724266584963,1,6,2,12.1834982776367,1.11083065288071,40.259408926401,22.6293203358054,10.7193632232675,-0.0032254331922088
"344",5.75776931946166,0,7,2,17.9264721879422,0.572339865736451,15.5449895336115,5.57776547202627,13.5979115904598,-2.50617696067844
"345",17.6443946897052,1,2,5,4.28132773572002,-1.14314176408267,45.7164727498178,48.9407507996492,15.6367613888147,1.57010741785951
"346",6.73502408899367,0,4,1,11.461319535106,3.23698203377868,12.6504307659617,14.8464238150216,15.4140338833951,0.588839755530657
"347",3.76624204800464,0,6,1,18.2483953463186,-0.191216059179999,14.63072858523,8.79094291111942,12.5285143628901,-1.6595522838748
"348",14.3643108429387,1,1,3,5.2665394477981,3.98638250568754,37.2160126982299,29.5876453987089,11.8419960166091,4.43946290692221
"349",13.7235431233421,1,5,4,17.2955129376945,3.06257762045825,42.2646495961931,32.8959734579005,21.8504476275224,0.76230410310685
"350",13.9119637082331,0,4,3,12.2536297756601,2.4124897313257,11.8211588030577,29.8362374190062,19.1450705827173,-0.245715266471182
"351",10.9507812769152,1,7,3,19.8204756701304,2.89331073988918,37.6662370565487,24.2399102644636,23.4823488939043,-2.46813329570231
"352",16.0093069891445,1,2,1,8.63972475991118,3.97117723367389,41.7453369507,13.4038646147543,19.8899340477283,1.95492414189856
"353",23.5371572198346,0,3,3,4.60976889456142,7.07982463576446,11.9395457828571,38.2704129442859,22.3984218831038,-0.220137004441736
"354",16.628000739729,1,3,6,10.2785103740891,3.17490569255019,44.9979845914971,52.3960164366218,21.9623734744247,0.971506330226476
"355",10.7395987899508,0,7,2,13.4436735408781,3.57562311745675,15.9829916139838,14.586563616582,14.5886766342523,-2.26152040082568
"356",7.13198406156152,0,3,2,12.3519766775628,1.38715107324499,12.1525717091837,14.3864945387033,8.75504207399709,1.62937007773926
"357",2.82365761813708,0,2,1,6.2683841884589,-1.3557558041466,9.70564859568953,9.99322327151158,5.36281335654934,1.37254846591703
"358",20.4680705093779,0,2,0,7.06146674989754,5.67304106017167,11.0302692641127,36.6948411787787,25.5198127489104,3.54518856433661
"359",11.5449814358726,0,3,3,5.20591723859733,-0.223520754652331,11.237086743237,29.7701553468754,12.5775835166175,-0.10266875780472
"360",9.16092381812632,0,5,2,11.8717041373559,2.66052263740409,14.7927137345494,9.51101271819945,11.8526162320481,-0.841423841353459
"361",21.5515789459459,0,5,2,14.6705369397462,6.23331399971792,14.6236047403433,34.7612402425544,32.4057975829751,-1.28455441964398
"362",11.4511011750437,1,4,5,11.3343118133552,6.09167046183064,33.7512689220705,35.6544203648446,14.9066816873728,0.562567086877536
"363",20.8348579704762,1,7,4,21.5636158460835,2.82246533560672,60.1789517481704,32.388594010505,30.275499987682,-1.85279070466347
"364",4.58568199537694,1,3,3,10.1499585032119,2.30928698337997,20.9629026857731,19.7706965222705,5.99512719368155,0.654710254805561
"365",9.44480411708355,1,6,2,14.273371635428,3.46089009989602,34.3830164630793,19.01852022114,11.6204461518726,-1.96578508012447
"366",15.000866248738,0,5,1,15.5635815175853,7.83427755762005,13.8311243007428,12.8888686044788,25.2273470813305,2.09869809978687
"367",13.5111729963683,0,4,3,12.9458123132012,1.14064736091851,13.3256202497569,22.710106844297,20.4873336941759,0.490034640387338
"368",11.5981065842789,0,4,2,9.79348568064298,3.4856971565508,12.9499327336474,15.3777533245811,12.4298738013552,0.0412273333340272
"369",5.69985412294045,0,6,5,13.6536293490344,-0.85049212833985,13.5790433533178,39.9448516955606,14.5837691292522,-1.82385642413563
"370",24.4528926501516,0,5,6,15.0738003724879,5.4661678946175,13.9504800192515,65.6071719573592,29.7385327159504,-0.511584623970195
"371",24.6409081737511,1,5,3,12.1030457404943,6.11613483763339,62.6096029706266,32.3042245336162,34.6923172543217,0.364427256167313
"372",3.97405185503885,1,4,7,11.2305718902429,0.153931925499973,21.3900191865255,61.6381932838566,9.76414564819608,0.671899202932504
"373",24.8741028131917,0,7,1,18.3793423215238,6.26721390535113,16.8164946122397,21.6964925083268,36.2613954739839,-3.50322180966933
"374",19.8167199618183,0,7,1,13.6416474085452,4.91374952556777,18.0948013334491,16.7774354448689,30.1106970120686,-1.45466825962374
"375",18.4641664673109,1,4,1,9.94095902947462,3.92312642845366,52.05339891896,19.8020738112875,24.7222749789476,0.520818931291072
"376",7.91489108232781,1,6,3,17.5727653913122,0.0230127414380048,31.7565393174582,13.554498290164,15.2277934498758,-0.760544674334088
"377",0.722572836093605,0,5,0,18.6523012182464,-3.85465829544864,14.5044175778703,-3.09572291282052,10.2982141005367,-1.12426538344794
"378",23.2278873678297,1,6,3,15.5791374216274,4.15892818138012,60.5523505446191,31.9536334331241,29.078886607027,-1.60146303415513
"379",5.31907742843032,0,5,2,8.57331270122308,3.30300437071716,13.5541367520987,-2.0151451732714,13.2583261723603,-1.76254123565133
"380",4.60402276366949,1,7,4,20.6251681177328,2.90745616432618,24.6795554032965,31.4080780395171,14.9967710903258,-0.867794443546904
"381",19.0711835341062,0,1,3,8.57425821207369,3.96167937261212,9.86817729663176,35.7178035549808,19.7192038095792,3.42807511722077
"382",5.67765160812996,0,6,3,12.2070550994151,1.51809205887296,15.051168665504,23.7264934153131,7.78678450772197,-1.83155630624238
"383",21.7437163984869,1,6,5,14.2621614949782,2.3730813228869,59.0309011003648,59.5571216052915,25.1079769249041,-1.7316032753994
"384",18.1532857939601,1,2,4,6.6847264550818,5.64034600373626,46.1874791336876,34.0665434755241,20.8642624911216,2.22503056332166
"385",22.6106633141171,1,2,2,9.30277203832138,4.98489841240775,55.0762230936788,30.2622974957475,25.328405643882,4.03251167628394
"386",6.20058052008972,0,2,1,2.0645663643564,-0.526482785917549,11.2291946721669,12.1472041302623,9.8398096085634,2.95999258042793
"387",16.4000350167044,0,2,3,6.71346465226862,2.70373398891825,11.0793425561904,14.8452007354288,16.0341829496031,1.62307661225937
"388",7.72382380091585,0,6,3,12.6208626757369,2.22866331251516,15.530285971988,31.3607654206289,10.9693204436139,-2.05993923367844
"389",10.234455706086,0,4,4,9.31850337950244,2.26966146708375,13.4549066666158,29.9634988198578,11.6521099544508,-0.0191590398990949
"390",21.1354706261773,1,3,5,8.78915354886626,5.3381359892948,56.2640217554015,53.854953123873,23.3673014086718,0.306739834076228
"391",5.60293440939859,0,6,2,17.868575308479,-3.61415451192653,14.6257997393772,3.96340361161581,18.4988369370557,-0.0471139692639064
"392",11.347914050566,1,6,2,16.2840482263346,1.7248857456944,38.8895344475492,19.7670705398322,19.0509036536493,-2.22049582211452
"393",3.13504248042591,1,6,4,17.3591080650525,0.0131077384274585,20.0758603325248,29.1292631212315,7.82873375885462,-0.760996469604746
"394",20.1281271874905,1,2,2,6.69128026553245,4.50766879600082,53.1142002887325,31.8349241714461,19.3383792531672,1.47865382386332
"395",24.2234935692977,1,3,3,9.15157947381711,7.86070838643308,58.9561517475504,30.386541107963,27.9542748837271,0.560416514661209
"396",19.956248922972,1,3,2,16.250472995097,5.91914011237536,52.0907445704669,33.9934535835691,30.6580120404195,1.34723638142888
"397",8.08230576221831,0,1,1,1.44228087589288,-0.527013084553711,9.80994849798222,17.3210101171786,9.74892470357,2.28611879625229
"398",21.478205837775,1,6,2,15.8079217064598,3.99065637061241,57.3820025013191,33.3636234166075,29.7673873978266,-2.84731614094634
"399",2.80020467471331,1,6,4,17.0003260448508,0.627465701418838,20.5719264145933,16.6735915029306,15.2642958556476,-1.34864862528931
"400",10.2385960170068,1,3,3,5.66011333871813,4.33201203214085,31.0078899159638,30.1223428418758,8.09988657903799,1.00583911201872
"401",17.3138732730877,0,3,5,7.85579453964558,4.13851016434284,12.0817506021765,52.3505412313292,22.8950444847561,1.05854123763907
"402",0.172933243447915,0,1,2,7.30610264400608,1.31142151202843,9.21905287820535,5.58726744874318,-2.01861543166739,5.10585044532042
"403",9.53340647392906,1,3,5,8.80666406770193,-1.2411641898139,32.0993732782783,35.2643164130139,13.002435532438,0.480385049545406
"404",22.6002696319483,0,6,1,20.1447508621024,4.2475259143311,17.0810388929488,18.1945077223571,32.7158965076178,-0.650774563326889
"405",7.66250041197054,0,6,1,10.5883878004766,-1.30220359873371,14.920725660688,18.1130722272625,11.9344664737358,-2.48096710562324
"406",24.3393374606967,0,7,6,22.8835853639446,4.34853363161398,13.8942454811966,62.7799545860456,39.7532654523465,-2.77515577373648
"407",16.9466668216046,1,4,3,20.1805676113962,4.22635589403858,46.924226193286,35.000763716144,28.9765975407731,1.17042033722172
"408",15.6841402989812,0,6,3,20.8153521546572,-1.73575903353138,13.207009488267,26.0957851070534,33.3016129824176,-1.34725222115212
"409",14.666330680484,0,1,2,4.38022372837413,5.12923716947847,10.1492070279446,25.7916247160536,11.3878909968604,3.19517607174218
"410",20.6964484765194,1,1,6,5.92568441616223,-1.11969490444472,51.827215665819,66.1005371385346,18.1414950238427,2.79444672215845
"411",3.30519383423962,1,6,5,18.1664026120378,2.87425650302765,21.1005435592052,33.128868310333,12.8686721105136,-2.59055288269586
"412",13.9470623689704,1,6,4,16.2175439593064,1.35944227021859,42.6315312276992,34.8597559639895,21.0395385998484,-0.175966736118396
"413",24.0068171871826,0,1,2,6.28372244360921,7.89617658737366,12.2971386505021,31.4711141015701,19.8221852159333,3.02358592268514
"414",11.7339432064909,1,2,2,11.0820232294917,4.32704880139396,33.7574520298073,11.4010553468266,19.3547946439504,3.15075857612682
"415",12.7912996336818,1,1,2,5.97693272600316,0.309747499781809,37.1609513939808,20.6842383564576,17.6078552884579,1.83036879853148
"416",11.3532883638982,0,2,2,6.83079477856146,0.525927013867868,8.0318640284158,16.1089334861555,14.2624439957362,1.57449802478244
"417",15.4209697037004,0,3,1,11.9196447087891,3.31772312971612,11.3846477135442,7.78415207506053,21.7012017319041,0.460562871698238
"418",7.95074309571646,1,4,2,13.6995523454076,2.60253492779468,28.8717225928031,10.7968457194638,16.0182849952683,0.129651403341537
"419",24.7059439483564,1,5,1,12.6407743945888,7.38064953237915,61.5079988134022,33.2405644518542,25.7086803114642,-1.63524052659748
"420",21.3075827050488,0,1,2,2.00894218611775,5.76396135515623,11.0632970430858,38.3415126231815,17.1510228198551,3.18994276919994
"421",0.28147132252343,0,2,3,8.97333652582124,-1.3535944943606,10.8655434280779,9.24888704433613,0.100602685906607,1.41103627234689
"422",5.50843747332692,0,4,2,7.84809016896164,2.21629462584411,15.7757918421415,18.6195168574166,10.6283971704227,-0.197257684369299
"423",14.5649795187637,1,2,3,5.16793507031758,3.58988035614083,41.6935365768322,34.0495967884693,18.1871820281523,4.03101759310595
"424",2.1217065572273,1,6,0,18.856296048532,4.05096455131958,19.3163410707369,-0.979662846629881,11.8843996277525,-2.3876054132147
"425",11.0110798326787,1,3,0,9.77931035516355,5.65324146387899,33.5166948921491,8.45599348594564,11.9882804083987,3.46294377030103
"426",10.3636386920698,0,6,4,15.0959946021341,-0.578931619173979,14.625934008455,30.6334291386527,15.4786495528387,-2.10292073076773
"427",24.6730693266727,1,5,2,18.2611009159841,5.72841137199272,62.3427448165886,31.6110331736238,34.7700925594273,0.0451789709844957
"428",10.0207580719143,0,4,2,9.65615865237077,-0.927738752525938,12.109163220362,14.4679746482637,14.3396012045777,0.497365691223839
"429",22.2785597434267,1,6,7,16.8534197627122,3.99409989184549,59.1176863083829,80.4142130166496,32.2046793395347,-1.37835947879171
"430",23.5417310614139,1,2,4,5.14952416584638,6.81013262048378,59.4397139242235,46.7726708080058,24.8522356503672,2.30441461157406
"431",24.6426155033987,1,3,2,12.7680439587293,3.52255035625971,61.9386956917622,30.3017144834972,32.0401269627424,1.32407398366669
"432",18.0826837255154,1,2,2,8.78567149477049,2.40247799711964,47.6480815649813,31.3231443311317,25.4454411764959,4.49006328999342
"433",13.1379177852068,0,6,2,15.2431242372083,-1.08647454120216,15.4750783470887,27.0158065924368,20.9861764135567,-1.88030952376025
"434",3.60219313297421,0,3,3,7.4938205918512,2.81422992952594,13.3478698114311,18.5826556130953,1.49699908526439,1.59156741183226
"435",9.05104334815405,1,7,4,22.1693126429732,4.81799053883474,34.6967195814951,23.2877883068825,19.9839350593887,-3.28650104301234
"436",1.94736230769195,1,6,1,19.9115205816636,-1.47696112779233,18.8240901844235,8.26981301444289,9.78613325658061,-1.41606311565768
"437",19.5567468763329,1,4,3,8.94925652590871,2.65266236137402,53.2548460207119,31.5040851879255,23.7505739017014,-0.321150532452443
"438",17.5708292750642,0,3,2,11.425940706752,3.91726962091264,12.255477302613,26.0156646289967,24.4222281993165,0.943863201494096
"439",12.5782888615504,0,5,5,8.49892678263102,2.38588554484366,13.9507344261421,47.8861973517432,10.0510520036932,-1.06459005170527
"440",7.79483738006093,0,2,4,0.997781431024149,0.274222224282522,11.6475576819721,30.1979779715403,5.79228503012683,1.76997241168729
"441",17.6301099359989,0,6,6,14.0413547346894,3.96278866954435,14.790170320309,63.3262364484031,24.0936728107908,-0.924881806832763
"442",10.5929245823063,0,2,1,9.96774783069586,4.9509359709816,11.0637137889478,14.4888487058373,18.4354427359992,1.88180883046767
"443",13.1214681023266,1,5,3,15.046857132478,5.07744675112091,38.7340088222435,23.7191302864828,18.2287071066947,-0.277620433687968
"444",12.331229361007,0,3,3,12.6732488704236,3.88660293160014,11.2016784552126,18.8848566789546,14.3046015695924,0.769120914024509
"445",6.67457446688786,0,6,1,18.7532822099704,0.355009028858908,14.0826152861246,7.05290527574931,17.0935847771176,-1.46977330201092
"446",4.2135025956668,1,3,5,13.2703649443214,4.73289063357931,21.2737607467338,39.9389742339197,6.21347417359986,0.808296819258444
"447",2.32170966337435,1,7,4,23.8327555515382,0.67062280741028,21.5797278460124,19.6637268394858,13.4498168275255,-3.0776059890525
"448",4.4245611585211,1,5,5,14.3710664754809,0.568631106358645,21.0421203955622,37.4097949122671,9.82103448663691,-0.0535981030045129
"449",8.87374459998682,1,3,2,11.4495958988614,2.01244939096271,30.2580350640623,17.2120775951735,6.92357448095474,-0.318071134146602
"450",2.85707245348021,0,6,3,22.5888754122446,1.22663561083181,15.585669242568,14.0158334759982,16.592026578454,-1.06620805553991
"451",24.7056878055446,1,3,1,13.0561991608446,9.11544610246664,63.3676871610751,19.9837112398582,29.1841627669366,3.11751524452281
"452",6.51203501038253,0,2,2,7.68720745867038,4.35667090944475,9.97977343301323,7.54560122483211,8.33218991656187,1.81938451420228
"453",11.5105605567805,0,3,2,12.5815027248215,-1.3377799136194,12.3067055206011,19.5646906686892,16.0919871199064,1.30546055229392
"454",10.6436981470324,0,6,4,20.7433222875331,2.638900235045,14.9188014252782,33.5849960708879,23.3301767797828,-0.3569058844387
"455",20.743778249016,1,6,3,17.953454149554,5.71367427361954,55.9697181179733,36.0732606871592,32.0249622246227,-0.781197578602384
"456",23.7410101050045,1,6,2,21.8020851451685,4.47332230069925,62.883686542926,40.2299786396242,34.7555516045366,-1.36607650673269
"457",24.1504910867661,0,3,7,10.1565873529258,2.70206641377881,13.6688809987671,88.3200041986589,23.9349669799,1.39153734658837
"458",21.0940109740477,0,5,0,16.9925858813218,4.44054320316552,13.4338654797627,23.8442888330433,26.9920323237259,-0.723950515715845
"459",17.2633300884627,1,5,5,14.2733473534569,5.12088559865806,45.5277080027955,46.7134383062096,33.4339876425968,0.817425833767952
"460",5.81912667257711,0,2,1,11.6684878626975,2.1603392095782,11.3388679788472,4.44544032453543,9.68277385538866,0.973312741988958
"461",20.7263821735978,0,5,2,14.6224192069287,2.97142775130373,11.373020765298,35.140550166691,27.6677095766895,-0.755241038001274
"462",9.9810921237804,1,1,3,8.76241391195793,5.27853195807933,29.7302183157106,21.1468310762921,13.9169182573969,2.84780481011997
"463",3.31520765321329,1,3,4,6.62638614565345,1.18769997957902,17.3332197797824,28.1573640608663,2.54325529206447,1.12098254184122
"464",0.347561965463683,0,6,1,19.3340002891129,0.708029524965189,15.0447117178287,0.830868507828428,7.500597108925,-0.564788902060293
"465",3.03275318001397,1,2,2,8.3746762970082,-2.08703979705649,17.693937920992,8.74477165930781,6.34201006002991,1.36485603477536
"466",18.0212699167896,0,5,4,15.8075991527054,2.62424660742074,13.8405909979469,40.3497373168084,30.5543527200491,0.951726977635222
"467",18.1681713496801,1,4,6,12.6656413477623,3.59463461101045,50.4853799041876,63.1160170847625,22.4388516494782,1.57694062412593
"468",9.87034851568751,1,3,1,5.7759445757907,4.66676042993148,32.05338104341,10.4122551212852,12.2726641680167,1.13144652813665
"469",15.6561813259032,0,2,2,11.2017764331755,3.89326057160314,10.961657878115,16.047068973215,14.5945301446857,2.40192873798741
"470",3.23294064728543,1,6,2,15.5685248602604,2.38667402142065,19.6907560150336,10.9892928888219,10.1215484649731,-0.977360202457999
"471",21.511848771479,1,5,1,17.6423693594866,4.5791217324759,56.9912731889445,20.6758145096315,30.6180446257925,-0.307680445426162
"472",9.235582704423,1,6,4,15.2160731980169,4.83629015438546,34.8694192853855,32.7838011468155,16.4864674911016,-0.0767580355077354
"473",22.5531690986827,1,6,2,14.7079465591002,4.90990773739269,59.1895410197549,26.8427967651196,31.0154138414823,-2.23141445919478
"474",12.4271011387464,1,4,3,8.5922840960904,3.37111121924991,37.1989737448197,20.6103892612739,15.4682986813508,2.28535218998
"475",1.42008974798955,1,3,1,5.0903977183537,3.28216053180765,15.1891391013471,12.3017190371047,0.422909426100158,1.83250762179656
"476",24.2383684264496,0,4,0,7.21842047512015,6.21061594147073,13.7347779459056,22.5395413665017,23.314722052356,0.447701187684128
"477",20.6845253822394,0,3,2,13.7436692973913,4.19063304633438,11.7567808770632,26.9789019725718,27.1689488129613,0.289136234506305
"478",24.2975024390034,0,4,3,18.4321898733939,8.85868181456847,11.7641084285623,39.1050559094151,33.5216310080329,-0.0548421672883863
"479",13.6740781657863,1,1,3,2.95207033184676,0.578295168251343,36.9257923689344,33.7558443368794,12.9510232461422,4.42367705372541
"480",17.2606661275495,0,7,2,18.4079946255969,3.81003837235747,15.8534004021451,28.8604489159873,36.3477616073019,-2.78923669448123
"481",9.11162492702715,1,4,2,8.38210656998838,2.4790212018328,31.2855827641069,9.06881390869274,13.9914648711889,-0.690349253879596
"482",13.4221275686286,1,3,3,11.6393079333271,2.91731579184069,37.6882701638719,26.2421223361301,12.6665214954566,1.72360413008465
"483",4.12962088594213,0,5,1,14.7077534271096,1.11111847762231,12.0074522233493,3.84978584201999,12.6396451328023,0.0823788051739367
"484",22.8183111059479,1,7,3,17.3392014439362,6.03586025124743,61.2208612309171,33.8203430640714,30.8397357528,-2.49070160087901
"485",24.4390223757364,0,2,1,5.2213364995661,8.30407142464462,9.61231986363724,26.5885599429853,25.7133981315883,1.64944175146567
"486",14.3317292502616,0,4,1,12.1796218335352,1.27605342681678,13.7237505048103,15.4924263932651,16.7951583279798,0.552182498142802
"487",2.31874390738085,1,3,0,8.47941779658668,-0.847004493849079,17.9793930058971,9.92443928976682,1.96218906454737,2.53547029700366
"488",1.41550349653699,1,6,2,19.8988215294661,0.291982255200396,16.1058714663218,15.1221003159932,13.3819698225613,-1.08129904711579
"489",20.9345628565643,1,4,5,14.5294955373776,0.228742840343088,55.2096839732487,52.9895614347478,27.1726512626952,0.880930153502777
"490",5.472053703852,1,1,2,1.86435081157016,4.51357945397574,20.7081512566042,6.54099422220398,3.98890966955039,3.90848344508009
"491",11.3513430464081,0,1,0,5.6843523726166,2.18549048837942,10.1258831233087,13.331159335229,11.7810873222324,3.19442919810133
"492",24.4632692891173,0,5,3,12.9718515226163,6.21594301891514,15.5923256087347,40.2643050278128,31.6212938058847,-1.17948898325723
"493",6.43786503351294,1,3,4,4.92922082422287,2.86764804374954,24.0629083311304,30.511839209179,2.30661603618339,1.53601797323858
"494",23.1582615990192,1,5,5,10.5959056882493,7.38290468812645,59.8043800594626,56.6662138097178,28.6734442209759,-0.566722717432701
"495",1.24818758340552,0,6,1,19.6373663003873,1.45050677285193,16.4624834753136,-1.8145736932934,15.4454654854769,-2.36151142650234
"496",19.6289023500867,1,2,6,8.9413706192534,2.33047706393388,50.1234743186587,61.3432050592534,21.60604872754,2.58992058400278
"497",1.10477523994632,1,3,4,11.5697369943988,2.14276099030412,12.8344612359058,18.8276177559027,4.03078561292392,0.860622480518225
"498",12.4868742888793,1,2,5,7.27887469888902,2.89503922663702,36.6075291103699,40.3997345827073,12.4863482304978,3.03141781993104
"499",3.92264396650717,0,6,2,15.2197010408997,0.960810463579102,13.8897830655669,14.2465372668788,6.31780425937681,-2.3618851520741
"500",13.5202552366536,0,5,2,9.44000522942592,0.619303118639954,14.3572604087159,14.5119736350887,14.3921733468528,-1.21208011268284
